category,1929,1930,1931,1932,1933,1934,1935,1936,1937,1938,1939,1940,1941,1942,1943,1944,1945,1946,1947,1948,1949,1950,1951,1952,1953,1954,1955,1956,1957,1958,1959,1960,1961,1962,1963,1964,1965,1966,1967,1968,1969,1970,1971,1972,1973,1974,1975,1976,1977,1978,1979,1980,1981,1982,1983,1984,1985,1986,1987,1988,1989,1990,1991,1992,1993,1994,1995,1996,1997,1998,1999,2000,2001,2002,2003,2004,2005,2006,2007,2008,2009,2010,2011,2012,2013,2014,2015,2016,2017,2018,2019,2020,2021,2022,2023,2024
      Personal consumption expenditures,8.787,8.415,7.514,6.627,6.391,6.681,6.846,6.909,7.16,6.997,6.929,6.988,7.423,8.347,9.115,9.638,10.024,10.722,11.809,12.477,12.379,12.527,13.38,13.654,13.834,13.95,14.005,14.284,14.718,15.066,15.29,15.541,15.702,15.886,16.077,16.309,16.544,16.962,17.389,18.069,18.883,19.766,20.605,21.308,22.455,24.793,26.86,28.333,30.176,32.276,35.143,38.928,42.415,44.771,46.676,48.439,50.128,51.219,52.802,54.865,57.261,59.775,61.774,63.42,65.0,66.356,67.754,69.203,70.407,70.967,72.001,73.822,75.302,76.291,77.894,79.827,82.127,84.44,86.607,89.17,88.921,90.514,92.804,94.534,95.781,97.121,97.299,98.284,100,102.047,103.509,104.666,108.972,116.1,120.511,123.666
Household consumption expenditures\1\,8.701,8.331,7.435,6.55,6.317,6.602,6.767,6.827,7.075,6.914,6.846,6.905,7.336,8.254,9.016,9.536,9.918,10.603,11.669,12.327,12.228,12.369,13.21,13.484,13.661,13.773,13.823,14.093,14.519,14.862,14.934,15.199,15.356,15.536,15.721,15.951,16.177,16.583,16.998,17.663,18.454,19.317,20.134,20.818,21.935,24.204,26.219,27.658,29.456,31.508,34.302,38.005,41.437,43.824,45.788,47.588,49.299,50.422,52.028,54.112,56.595,59.232,61.351,63.147,64.827,66.211,67.637,69.089,70.256,70.732,71.73,73.495,74.92,75.922,77.637,79.64,81.949,84.288,86.483,89.097,88.919,90.597,92.928,94.704,95.965,97.293,97.378,98.306,100,102.069,103.493,104.663,108.846,115.818,120.044,123.072
  Food and beverages purchased for off-premises consumption,9.219,8.624,6.962,5.692,5.72,6.43,6.94,6.953,7.166,6.621,6.554,6.593,7.294,8.725,10.051,10.32,10.636,11.738,13.516,14.183,13.608,13.673,15.114,15.479,15.178,15.166,14.889,14.997,15.451,16.096,15.929,16.063,16.143,16.266,16.437,16.769,17.107,17.829,17.852,18.392,19.217,20.289,20.751,21.741,24.492,28.217,30.338,30.902,32.722,35.853,39.374,42.685,45.726,46.929,47.468,48.894,49.426,50.589,52.186,53.742,56.576,59.34,61.203,61.673,62.535,63.582,64.96,66.942,68.218,69.075,70.206,71.85,73.946,75.063,76.484,78.87,80.248,81.597,84.781,89.944,91.013,91.285,94.93,97.183,98.14,100.016,101.141,100.13,100,100.517,101.528,104.888,108.159,119.318,125.328,126.956
    Food and nonalcoholic beverages purchased for off-premises consumption,8.045,7.556,6.143,5.055,5.11,5.816,6.251,6.251,6.469,5.925,5.871,5.871,6.469,7.773,8.969,9.024,9.295,10.437,12.285,13.046,12.557,12.72,14.133,14.405,14.133,14.133,13.861,13.97,14.405,15.057,14.886,15.01,15.089,15.206,15.377,15.729,16.058,16.784,16.787,17.307,18.127,19.198,19.621,20.629,23.563,27.537,29.647,30.184,32.163,35.393,38.944,42.254,45.313,46.405,46.772,48.253,48.709,49.819,51.486,53.069,56.038,58.829,59.991,60.289,61.241,62.431,63.955,65.963,67.254,68.183,69.254,70.807,72.978,74.039,75.479,77.938,79.37,80.742,84.091,89.611,90.445,90.697,94.825,97.309,98.231,100.29,101.581,100.26,100,100.449,101.373,105.013,108.533,121.18,127.671,129.242
    Alcoholic beverages purchased for off-premises consumption,,,,,14.258,13.563,13.27,13.106,13.239,13.368,13.498,13.828,14.687,16.737,18.587,20.924,21.353,22.151,22.791,22.468,22.167,21.642,22.442,24.155,23.757,24.282,24.148,24.38,24.911,25.049,25.276,25.675,25.763,25.883,26.135,26.287,26.443,26.743,27.13,27.743,28.349,29.306,30.145,30.65,31.156,33.082,35.349,36.106,36.669,38.64,41.666,45.141,48.14,50.128,52.008,52.996,54.191,55.743,56.738,58.078,59.857,62.354,69.627,71.543,71.615,71.527,71.718,73.476,74.595,74.985,76.557,78.813,80.403,81.925,83.202,85.087,86.103,87.311,89.385,92.209,94.893,95.262,95.707,96.472,97.643,98.331,98.517,99.384,100,100.921,102.44,104.277,106.188,109.688,113.353,115.242
    Food produced and consumed on farms,16.46,14.893,11.33,8.765,8.408,9.692,12.398,12.897,13.324,11.258,10.617,10.903,13.681,17.315,21.093,21.449,22.66,24.299,28.146,29.073,25.227,23.869,28.144,27.933,26.865,24.653,23.798,23.373,24.228,25.868,24.43,23.773,23.806,24.224,23.521,22.75,25.093,27.663,26.582,28.088,30.815,31.228,31.684,37.278,48.866,43.595,44.558,45.769,45.945,58.813,70.622,67.935,67.569,69.594,65.935,68.638,64.29,65.237,71.251,72.444,76.309,82.292,78.983,75.938,77.942,71.954,71.806,72.359,76.745,68.317,65.333,68.951,73.515,63.758,72.236,80.644,81.334,80.411,87.971,86.829,78.103,87.846,103.453,107.536,112.99,124.136,109.683,96.292,100,98.97,96.939,95.159,111.646,143.841,136.283,140.602
"  Clothing, footwear, and related services",25.598,24.542,21.738,18.201,18.425,21.002,20.638,20.618,21.644,21.207,20.756,20.954,22.83,27.054,30.029,33.682,36.362,39.244,42.429,44.985,43.412,43.203,46.893,46.269,46.328,46.463,46.434,47.428,48.273,48.57,46.875,47.642,47.944,48.153,48.628,49.108,49.602,51.043,53.173,56.08,59.07,61.324,63.493,64.636,66.828,71.962,75.395,78.0,81.444,83.378,85.489,89.068,92.374,93.993,95.449,96.157,98.335,98.127,101.021,104.324,106.053,109.581,111.796,112.721,112.31,110.67,108.304,107.168,107.345,105.585,104.401,103.364,101.654,99.288,97.08,96.91,96.238,96.036,95.34,94.826,95.769,95.295,96.879,100.322,101.357,101.739,100.674,100.487,100,100.229,99.141,94.455,96.493,101.634,104.42,105.356
    Clothing,27.317,26.263,23.367,19.534,20.003,23.067,22.689,22.627,23.761,23.216,22.681,22.885,25.074,29.786,33.094,37.34,40.468,43.548,46.498,49.142,47.219,46.823,50.51,49.874,49.993,49.961,49.816,50.635,51.425,51.66,50.122,50.779,51.063,51.19,51.688,52.241,52.695,53.948,56.124,59.211,62.275,64.493,66.802,67.886,70.094,75.672,79.289,81.947,85.516,87.317,88.756,91.951,95.163,96.772,98.518,99.245,101.757,101.661,104.719,108.0,109.445,113.331,115.576,116.228,115.665,113.858,111.261,110.028,110.268,108.317,107.393,106.427,104.459,101.82,99.414,99.247,97.876,97.478,96.806,95.853,96.551,95.767,97.641,101.335,102.035,102.426,100.827,100.496,100,100.41,98.902,93.624,95.257,100.524,103.968,104.965
      Garments,28.903,27.659,24.245,19.819,20.473,24.108,23.713,23.702,24.966,24.265,23.649,23.905,26.45,31.874,36.028,41.435,45.507,49.08,52.162,55.178,52.517,51.848,55.986,55.115,55.039,54.948,54.641,55.36,56.031,56.155,56.251,56.77,57.051,57.092,57.58,58.182,58.587,59.852,62.219,65.779,69.231,71.59,74.176,75.361,77.731,83.751,87.559,90.252,94.061,95.579,96.429,99.194,102.105,103.446,105.121,105.63,108.211,107.814,111.064,114.398,115.65,119.641,121.876,122.414,121.577,119.335,116.18,114.641,114.839,112.616,111.441,110.169,107.654,104.492,101.689,101.299,99.635,99.008,98.129,96.805,97.329,96.293,98.162,101.977,102.612,102.928,101.116,100.646,100,100.265,98.393,92.67,94.211,99.26,102.446,103.156
        Women's and girls' clothing,,,,,,,,,,,,,,,,,,,,,,,,,,,,,,,65.895,66.188,66.305,66.202,66.626,67.186,67.458,68.748,71.677,75.809,79.283,81.7,85.092,86.566,89.012,95.081,98.737,101.336,104.992,106.586,106.951,108.715,110.195,110.258,111.401,111.343,113.987,112.59,116.783,120.037,120.254,125.069,126.798,127.221,126.283,123.611,119.049,116.131,115.993,112.972,110.963,109.4,107.35,104.253,101.792,101.694,99.732,99.66,99.286,96.755,97.298,96.406,98.277,101.728,102.08,103.007,100.191,100.165,100,99.455,96.154,89.797,90.946,95.494,98.413,98.807
        Men's and boys' clothing,,,,,,,,,,,,,,,,,,,,,,,,,,,,,,,46.614,47.444,48.014,48.275,48.887,49.586,50.184,51.51,53.36,56.413,60.043,62.494,64.27,65.107,67.473,72.757,75.925,78.617,82.26,83.518,84.87,88.399,92.562,95.356,97.336,98.533,100.765,101.199,103.471,106.865,109.551,112.055,115.054,115.775,115.358,113.624,112.187,112.249,113.164,112.154,111.767,110.619,107.198,103.829,100.617,100.166,99.003,97.34,95.84,96.416,96.883,95.43,97.796,101.952,103.726,102.879,102.054,101.394,100,100.739,101.094,96.541,99.064,104.468,108.012,109.549
        Children's and infants' clothing,,,,,,,,,,,,,,,,,,,,,,,,,,,,,,,34.351,34.22,33.004,32.354,32.344,32.458,32.623,32.881,33.24,34.661,35.771,36.452,37.24,38.306,39.58,49.975,60.041,63.281,69.395,72.071,73.509,79.524,86.458,89.601,94.061,95.459,99.687,104.019,104.017,107.79,109.95,115.767,117.841,118.303,115.333,114.033,113.219,114.676,112.802,109.899,112.27,113.549,112.395,110.036,106.262,103.173,101.547,101.361,99.128,98.971,99.614,99.348,98.761,104.134,101.401,102.293,104.175,100.858,100,104.669,103.852,97.9,98.012,105.94,109.773,109.08
      Other clothing materials,32.704,31.245,27.37,22.383,23.656,28.147,27.545,27.528,28.992,28.18,27.298,27.681,30.553,36.132,37.66,39.659,41.672,45.388,49.421,52.142,49.128,48.724,52.744,51.04,50.897,50.802,50.565,51.087,51.555,51.672,48.322,48.599,48.772,48.711,49.061,49.361,49.76,50.697,52.753,55.605,58.47,60.732,62.724,64.199,66.38,70.484,72.195,74.36,76.74,76.534,79.173,84.973,90.334,93.351,94.798,95.389,96.615,98.493,98.32,103.898,105.324,110.698,111.694,112.819,112.17,111.395,116.085,116.676,110.05,104.658,101.941,101.853,101.749,101.266,99.279,99.771,98.093,97.329,94.119,94.42,96.882,99.378,102.202,105.149,105.508,105.413,103.43,100.793,100,103.78,108.055,105.123,104.616,109.358,113.291,114.924
"      Cleaning, repair, and rental of clothing",6.771,6.724,6.62,6.412,6.168,6.117,6.026,5.909,6.07,6.153,6.124,6.094,6.221,6.709,7.01,7.399,7.5,7.877,8.609,9.049,9.311,9.492,10.162,10.312,10.613,10.678,10.837,11.268,11.72,11.96,9.505,9.901,10.005,10.164,10.356,10.498,10.726,11.173,11.691,12.132,12.689,13.299,13.745,13.971,14.589,16.241,17.669,18.955,20.238,22.388,25.258,28.713,32.01,34.402,36.177,38.061,39.817,41.345,43.122,44.957,47.282,49.414,51.454,52.66,54.104,55.532,56.312,57.25,58.677,59.544,60.944,62.384,64.849,66.69,68.215,70.239,72.313,74.758,77.273,81.083,83.804,85.969,87.694,89.525,91.418,93.17,95.26,97.805,100,102.375,106.472,109.845,114.086,124.579,133.937,141.655
        Laundry and dry cleaning services,,,,,,,,,,,,,,,,,,,,,,,,,,,,,,,9.716,10.234,10.382,10.595,10.887,11.079,11.303,11.758,12.268,12.714,13.297,13.852,14.307,14.451,14.93,16.693,18.467,19.697,20.937,23.138,26.075,29.653,33.039,35.519,37.364,39.298,41.114,42.697,44.53,46.418,48.825,51.024,53.157,54.396,55.877,57.353,58.156,59.126,60.598,61.594,63.101,64.369,66.695,68.737,70.297,72.253,73.916,76.156,78.567,82.016,84.412,86.317,87.589,89.157,90.724,92.411,94.551,97.407,100,102.864,106.719,109.368,114.355,124.434,132.077,139.073
"        Clothing repair, rental, and alterations",,,,,,,,,,,,,,,,,,,,,,,,,,,,,,,8.688,8.928,8.981,9.078,9.16,9.244,9.462,9.877,10.381,10.796,11.292,11.947,12.358,12.676,13.415,14.865,15.893,17.148,18.388,20.364,23.001,26.136,29.156,31.325,32.931,34.657,36.253,37.64,39.258,40.935,43.046,44.989,46.826,47.93,49.26,50.559,51.273,52.124,53.425,54.048,55.218,56.929,59.597,60.981,62.4,64.546,67.549,70.472,73.233,77.962,81.55,84.439,87.555,90.275,93.294,95.258,97.185,98.841,100,101.176,105.841,110.877,113.461,124.84,137.984,147.352
    Footwear\2\,18.087,17.107,14.813,12.491,12.03,13.019,12.734,12.833,13.452,13.35,13.182,13.344,14.122,16.517,18.234,19.687,20.723,22.763,26.406,28.505,28.172,28.575,32.046,31.487,31.321,32.077,32.478,34.093,35.127,35.646,33.456,34.574,34.927,35.42,35.796,35.992,36.62,38.746,40.653,42.805,45.428,47.758,49.344,50.694,52.787,56.062,58.71,61.083,63.993,66.482,71.41,76.608,80.303,81.966,82.13,82.764,83.416,82.691,84.858,88.288,91.344,93.273,95.364,97.576,97.883,97.012,95.699,95.005,94.891,93.993,91.614,90.251,89.699,88.571,87.265,87.077,89.56,90.227,89.423,90.753,92.733,93.574,93.954,96.394,98.743,99.091,100.089,100.456,100,99.545,100.032,97.574,101.145,105.797,106.07,106.778
"  Housing, utilities, and fuels",8.847,8.618,8.166,7.399,6.764,6.348,6.348,6.454,6.676,6.822,6.797,6.836,6.956,7.149,7.233,7.313,7.383,7.542,7.877,8.413,8.63,8.89,9.233,9.567,9.987,10.239,10.393,10.566,10.783,10.961,11.136,11.321,11.488,11.605,11.734,11.821,11.93,12.103,12.32,12.607,13.005,13.568,14.269,14.794,15.514,16.673,17.988,19.291,21.039,22.511,24.61,27.504,30.671,33.36,35.349,37.117,38.975,40.556,42.007,43.638,45.411,47.505,49.012,50.325,51.751,53.053,54.46,56.147,57.657,58.916,60.32,62.704,65.548,67.31,69.556,71.625,74.407,77.637,80.381,83.551,84.034,84.386,85.838,87.385,89.481,92.1,94.071,96.596,100,103.256,106.326,108.926,112.343,120.35,128.524,135.02
    Housing,9.718,9.442,8.905,7.973,7.156,6.525,6.555,6.704,7.017,7.238,7.234,7.258,7.381,7.57,7.618,7.683,7.776,7.956,8.258,8.767,9.057,9.367,9.777,10.194,10.715,11.04,11.2,11.391,11.604,11.837,12.037,12.229,12.398,12.549,12.704,12.834,12.961,13.157,13.41,13.739,14.192,14.799,15.486,16.044,16.727,17.354,18.477,19.686,21.345,22.809,24.57,26.827,29.559,31.991,33.914,35.681,37.812,40.05,41.871,43.75,45.567,47.709,49.216,50.564,51.941,53.402,55.052,56.719,58.31,60.156,61.833,63.852,66.355,68.976,70.715,72.503,74.36,76.968,79.712,81.888,83.32,83.358,84.478,86.309,88.308,90.742,93.536,96.666,100,103.391,106.915,109.978,112.744,119.347,128.392,135.316
      Rental of tenant-occupied nonfarm housing\3\,9.552,9.298,8.803,7.904,7.381,6.363,6.363,6.512,6.812,7.037,7.037,7.066,7.186,7.336,7.351,7.366,7.396,7.441,7.68,8.189,8.549,8.848,9.208,9.582,10.091,10.45,10.6,10.794,10.989,11.198,11.352,11.521,11.67,11.814,11.945,12.05,12.175,12.347,12.561,12.87,13.28,13.838,14.468,14.974,15.631,16.209,17.294,18.449,20.016,21.387,23.05,25.191,27.8,30.113,31.983,33.796,36.024,38.271,39.992,41.623,43.282,45.165,46.834,48.099,49.278,50.46,51.662,52.996,54.492,56.15,57.793,59.829,62.417,64.794,66.697,68.488,70.536,73.053,76.169,78.957,80.748,80.935,82.317,84.5,86.883,89.623,92.826,96.322,100,103.626,107.466,110.82,113.319,120.163,129.713,136.332
      Imputed rental of owner-occupied nonfarm housing\4\,10.333,10.057,9.523,8.55,7.369,6.898,6.883,7.045,7.369,7.611,7.612,7.644,7.773,7.952,7.952,7.968,8.0,8.049,8.308,8.858,9.247,9.571,9.96,10.364,10.931,11.304,11.466,11.676,11.887,12.113,12.278,12.467,12.621,12.768,12.91,13.035,13.16,13.345,13.59,13.922,14.362,14.96,15.65,16.199,16.898,17.536,18.702,19.947,21.648,23.137,24.938,27.254,30.065,32.62,34.596,36.372,38.511,40.8,42.685,44.639,46.497,48.728,50.145,51.495,52.872,54.361,56.161,57.942,59.631,61.563,63.241,65.122,67.619,70.369,72.089,73.73,75.436,78.07,80.713,82.738,84.106,84.096,85.07,86.795,88.712,91.051,93.703,96.8,100,103.299,106.749,109.743,112.57,119.036,127.924,134.908
      Rental value of farm dwellings,6.17,5.868,5.281,4.556,4.239,4.448,4.75,4.816,5.077,5.163,5.117,5.092,5.189,5.526,5.909,6.425,7.099,8.59,9.377,9.535,8.749,8.958,9.704,10.388,10.475,10.092,10.25,10.163,10.439,10.848,11.777,12.138,12.652,12.913,13.429,13.813,13.974,14.546,15.261,15.668,16.732,17.91,19.0,20.216,20.59,21.296,21.377,21.898,23.003,24.469,25.753,26.942,27.924,27.051,27.302,27.567,27.218,26.585,26.838,29.271,31.511,33.675,35.964,38.316,43.04,47.914,49.894,51.522,49.389,49.815,51.818,61.078,62.18,61.686,61.573,72.068,79.962,82.618,85.213,85.972,84.814,85.166,91.036,92.677,91.818,94.074,97.645,94.599,100,104.916,106.649,107.977,112.419,124.22,133.53,143.288
      Group housing,7.46,7.314,6.922,6.32,5.676,5.348,5.344,5.448,5.709,5.86,5.914,5.84,5.929,6.258,6.52,6.618,6.701,6.853,7.214,7.643,7.974,8.236,8.778,9.16,9.574,9.873,10.136,10.45,10.846,11.139,11.403,11.578,11.658,11.786,11.955,12.065,12.243,12.422,12.615,12.823,13.346,13.861,14.463,14.946,15.558,16.346,17.435,18.539,20.034,21.485,23.151,25.296,27.621,29.848,31.706,33.507,35.694,37.937,39.668,41.285,42.946,44.789,46.449,47.694,48.874,50.038,51.279,52.633,54.166,55.884,57.588,59.679,62.316,64.784,66.694,68.471,70.528,73.061,76.164,78.945,80.737,80.924,82.323,84.497,86.895,89.616,92.797,96.316,100,103.613,107.432,110.788,113.316,120.158,129.673,136.293
    Household utilities and fuels,6.427,6.324,6.091,5.755,5.586,5.704,5.634,5.636,5.643,5.614,5.543,5.612,5.718,5.914,6.074,6.183,6.198,6.306,6.698,7.269,7.311,7.442,7.619,7.743,7.906,7.971,8.103,8.227,8.449,8.489,8.598,8.76,8.918,8.945,9.005,8.98,9.042,9.152,9.272,9.446,9.69,10.133,10.871,11.3,12.126,14.851,16.776,18.38,20.421,21.939,25.13,30.169,34.902,38.545,40.789,42.567,43.395,42.454,42.467,43.146,44.748,46.651,48.157,49.325,50.949,51.603,52.0,53.773,54.939,53.658,53.873,57.89,62.316,60.108,64.695,68.088,75.348,81.74,84.508,92.98,88.29,90.364,93.68,93.58,96.238,99.923,97.167,96.19,100,102.493,103.005,102.955,110.212,126.69,129.432,133.192
      Water supply and sanitation,2.321,2.321,2.321,2.245,2.043,2.068,2.17,2.169,2.17,2.17,2.144,2.195,2.17,2.195,2.195,2.245,2.296,2.346,2.447,2.523,2.548,2.699,2.8,3.053,3.229,3.406,3.734,3.835,4.137,4.39,4.568,4.713,4.836,4.961,5.112,5.188,5.316,5.512,5.64,5.909,6.309,6.809,7.533,7.812,8.232,8.732,9.58,10.652,11.806,13.177,13.797,14.747,16.529,18.516,20.079,21.432,22.752,24.072,25.497,27.008,28.744,30.773,33.145,35.508,37.468,39.312,40.58,42.031,43.069,44.463,45.448,46.563,47.907,49.454,51.272,54.317,57.175,59.984,63.019,66.723,70.741,75.012,78.762,82.926,86.539,89.649,93.483,96.797,100,103.522,106.806,110.217,114.165,119.295,125.78,132.081
"      Electricity, gas, and other fuels",7.932,7.79,7.472,7.04,6.886,7.04,6.9,6.903,6.913,6.872,6.784,6.861,7.015,7.274,7.492,7.623,7.625,7.755,8.251,8.996,9.045,9.174,9.381,9.472,9.638,9.674,9.761,9.9,10.117,10.11,10.213,10.391,10.569,10.573,10.612,10.559,10.606,10.701,10.827,10.989,11.209,11.663,12.45,12.947,13.936,17.47,19.823,21.672,24.086,25.74,29.854,36.403,42.289,46.615,49.164,51.14,51.801,49.97,49.412,49.755,51.307,53.155,54.304,54.998,56.496,56.674,56.71,58.615,59.833,57.389,57.263,62.538,68.311,64.434,70.212,73.741,82.84,90.747,93.382,103.882,95.445,96.597,99.729,97.816,100.064,103.978,98.606,95.947,100,102.085,101.517,100.105,108.668,129.589,130.829,133.538
        Electricity,17.759,17.197,16.54,16.042,15.858,15.416,14.955,14.473,14.168,13.954,13.726,13.578,13.494,13.41,13.391,13.361,13.293,12.769,12.615,12.733,12.85,12.867,12.987,13.104,13.271,13.339,13.507,13.541,13.609,13.78,13.962,14.169,14.222,14.222,14.169,14.122,14.069,14.069,14.169,14.275,14.588,15.06,16.057,16.841,17.885,21.13,23.849,25.418,27.105,28.801,30.996,35.905,41.28,45.371,46.857,49.85,51.637,52.31,52.155,52.868,54.35,55.614,57.688,58.808,59.961,59.984,61.337,62.354,62.687,60.263,59.791,60.759,65.066,64.427,65.953,67.183,71.358,79.994,83.129,88.439,91.151,91.312,93.025,92.992,94.939,98.345,98.929,97.869,100,100.701,100.897,101.512,105.862,119.648,126.668,131.993
        Natural gas,9.576,9.576,9.576,9.576,9.576,9.576,9.576,9.576,9.576,9.576,9.576,9.576,9.576,9.576,9.576,9.576,9.576,9.576,9.576,9.576,9.576,9.576,9.576,9.576,9.576,9.576,9.576,9.576,9.576,9.576,9.576,10.18,10.342,10.342,10.342,10.4,10.4,10.452,10.452,10.563,10.731,11.334,12.159,12.762,13.372,15.02,17.991,21.073,25.019,27.286,31.651,37.841,43.129,51.497,60.328,60.724,60.334,57.414,54.815,54.473,55.966,56.016,56.719,57.765,61.304,62.451,59.161,61.567,65.846,64.616,65.081,76.804,91.489,77.996,95.767,103.764,123.568,126.819,125.559,142.335,111.38,109.17,106.152,95.843,100.527,107.72,95.179,92.544,100,99.972,98.592,98.737,114.917,144.832,134.279,132.272
        Fuel oil and other fuels,3.04,2.983,2.81,2.535,2.44,2.588,2.53,2.577,2.614,2.606,2.565,2.64,2.768,2.978,3.151,3.26,3.27,3.45,3.89,4.522,4.545,4.671,4.859,4.928,5.074,5.096,5.151,5.324,5.604,5.523,5.6,5.518,5.723,5.729,5.838,5.731,5.856,6.011,6.198,6.395,6.53,6.782,7.213,7.258,8.318,13.219,14.344,15.385,17.409,18.408,25.378,35.636,43.598,42.755,39.418,40.296,38.724,30.321,31.108,31.095,32.945,39.676,37.774,36.237,35.987,35.332,35.002,39.672,39.737,35.214,35.816,52.512,51.487,45.901,55.502,64.618,85.974,97.739,104.473,141.813,97.05,113.491,144.501,146.51,144.85,144.484,103.959,87.387,100,119.118,113.84,90.975,118.454,185.16,158.681,146.34
"  Furnishings, household equipment, and routine household maintenance",19.065,18.132,15.974,13.793,13.615,14.451,14.587,14.765,15.741,15.243,15.173,15.391,16.576,19.299,22.429,25.824,28.149,29.047,32.04,33.338,32.072,32.432,35.483,35.146,35.433,35.498,35.384,35.773,36.553,36.829,36.384,37.006,37.149,37.255,37.416,37.615,37.751,38.366,39.353,41.059,42.595,44.04,45.299,46.18,47.51,52.441,58.786,62.169,65.335,68.946,73.661,79.907,86.112,90.993,93.553,95.188,97.008,98.39,100.288,102.197,103.711,105.388,107.056,108.369,109.089,110.388,111.323,112.293,112.59,113.124,113.015,113.902,113.96,112.942,110.475,109.788,110.57,110.966,110.547,111.157,111.626,108.527,107.741,108.214,106.832,104.658,103.243,101.801,100,100.205,101.39,103.079,107.953,116.938,118.176,116.263
"    Furniture, furnishings, and floor coverings\5\",23.152,22.344,19.611,16.549,17.109,18.685,18.471,18.907,20.708,20.112,19.99,20.57,22.464,25.906,29.937,34.798,38.291,38.31,40.516,42.296,41.25,42.544,47.805,47.11,47.174,47.148,47.099,48.02,49.206,49.31,51.822,52.307,52.726,52.917,53.033,53.312,53.364,54.378,56.198,58.42,60.834,62.235,63.394,64.252,66.239,71.469,77.072,79.72,82.4,86.508,91.877,100.142,107.435,112.37,115.036,117.312,120.237,122.375,124.503,127.136,127.989,129.87,130.799,133.395,135.001,137.43,138.447,139.722,139.795,140.221,139.32,138.335,136.496,133.918,130.705,129.312,128.269,127.317,124.892,122.761,121.989,116.487,114.331,113.596,110.548,107.039,105.399,102.868,100,98.508,99.777,99.528,105.581,117.392,116.874,113.387
    Household textiles,31.642,29.113,24.11,19.919,21.106,23.779,23.79,23.677,24.671,22.574,21.663,22.377,25.636,33.108,38.242,43.458,46.983,49.64,60.829,62.667,54.909,55.58,60.651,55.86,55.129,53.743,53.516,54.072,54.465,54.447,72.507,74.836,76.22,76.018,76.285,76.358,76.838,77.907,80.016,82.919,85.499,87.108,88.762,90.597,92.485,105.807,113.784,118.458,126.003,132.27,141.549,153.526,164.357,177.897,186.731,193.525,197.257,199.901,205.549,211.552,212.477,214.169,214.27,215.865,215.766,215.755,212.765,208.255,203.524,198.272,196.391,193.416,186.622,181.639,170.916,164.629,160.706,153.192,145.514,140.055,134.227,127.096,123.702,119.475,115.247,112.267,106.764,103.956,100,98.653,95.61,97.871,96.941,100.616,99.899,97.327
    Household appliances\6\,66.175,63.24,58.504,51.079,48.34,48.848,48.165,48.823,50.591,50.718,50.073,48.386,50.876,58.37,64.565,68.847,72.241,72.423,79.688,84.193,81.881,80.941,86.718,86.814,86.316,85.115,82.488,78.875,77.886,76.141,66.708,65.938,64.736,63.35,62.223,61.628,60.372,59.607,59.856,61.271,62.856,64.595,66.132,66.563,66.751,70.316,78.122,82.512,85.549,89.908,94.86,99.735,105.66,112.243,115.651,116.203,114.045,113.688,114.659,115.053,115.097,114.569,113.579,113.144,113.725,115.178,114.516,114.754,114.554,113.559,111.94,111.427,111.541,111.051,108.561,105.976,109.305,112.343,116.156,117.981,119.292,115.143,114.297,119.541,117.759,112.237,107.789,103.289,100,103.914,106.497,110.848,121.234,128.152,121.277,118.006
"    Glassware, tableware, and household utensils\7\",17.432,16.918,15.338,14.306,13.985,15.497,16.877,15.895,16.144,16.139,16.147,16.154,16.525,18.615,20.941,23.617,24.556,24.387,24.992,25.435,26.307,27.258,29.847,30.561,31.339,31.768,32.373,35.048,36.941,37.995,37.985,39.177,39.664,40.685,42.047,42.822,42.805,43.714,44.99,48.489,50.509,52.098,53.636,56.013,59.203,66.879,78.275,83.245,86.738,93.001,100.662,111.132,122.256,127.374,129.764,130.03,130.57,134.094,137.378,138.419,140.508,143.275,146.585,149.503,148.689,150.664,147.699,145.975,145.033,148.22,145.131,143.402,139.467,134.405,129.059,128.871,128.135,123.649,121.758,123.378,123.568,120.346,118.042,113.247,111.772,107.276,105.164,102.371,100,94.52,92.468,90.594,90.771,96.309,94.799,88.731
    Tools and equipment for house and garden,25.742,24.669,21.755,19.446,19.348,21.404,21.47,21.709,23.608,23.271,22.972,23.49,25.547,29.048,31.507,34.526,36.151,38.131,42.173,44.045,42.899,43.726,47.983,47.151,47.806,48.332,49.505,51.535,53.627,54.812,56.368,56.753,58.382,59.366,59.648,59.229,58.171,57.087,56.974,59.307,61.666,61.315,60.758,60.685,60.818,64.612,70.607,73.115,74.651,76.269,80.467,85.986,91.964,98.808,101.161,101.247,104.514,102.727,102.988,103.069,99.437,100.297,101.398,101.271,101.285,103.081,103.107,104.825,106.328,103.698,101.538,101.504,100.95,99.724,97.494,98.543,101.378,102.475,102.699,101.784,102.167,99.376,100.666,101.966,102.849,102.281,102.098,100.497,100,100.501,101.791,102.807,106.739,118.174,126.25,123.516
    Other household goods and services\8\,6.758,6.367,5.606,4.862,4.594,4.678,4.752,4.892,5.26,5.053,5.123,5.211,5.525,6.302,7.581,8.86,9.804,10.501,11.771,12.216,11.773,11.719,12.631,12.883,13.295,13.628,13.705,13.953,14.486,14.916,13.182,13.642,13.683,13.834,14.002,14.187,14.487,14.946,15.392,16.195,16.844,17.857,18.742,19.295,20.079,23.121,27.37,29.887,32.357,34.475,37.224,40.669,44.22,46.856,48.214,49.294,50.882,51.873,53.115,54.496,56.789,58.456,60.717,61.472,62.027,62.534,64.579,66.254,67.311,68.748,70.255,73.4,76.231,77.516,77.536,78.489,80.715,83.956,85.691,89.409,92.052,92.14,93.173,95.406,96.041,96.59,97.762,99.413,100,102.415,105.505,109.211,114.768,124.135,131.363,134.455
  Health,3.202,3.204,3.019,2.713,2.65,2.701,2.802,2.845,2.907,2.955,2.939,3.008,3.071,3.228,3.418,3.604,3.726,3.973,4.363,4.607,4.678,4.766,4.975,5.173,5.362,5.51,5.675,5.858,6.089,6.313,6.474,6.816,6.911,7.013,7.148,7.338,7.523,7.803,8.211,8.646,9.176,9.793,10.247,10.624,11.059,12.013,13.308,14.525,15.697,16.992,18.581,20.754,23.241,25.815,28.141,30.219,32.065,33.964,36.113,38.819,42.096,45.597,49.068,52.411,55.054,57.164,59.068,60.446,61.621,62.824,64.351,66.234,68.563,70.468,72.977,75.543,77.886,80.348,82.978,85.121,87.462,89.74,91.56,93.374,94.511,95.828,96.83,98.349,100,101.745,103.247,105.442,107.572,110.24,113.12,116.048
"    Medical products, appliances, and equipment",11.384,11.317,11.139,10.687,10.147,9.841,9.646,9.642,9.71,9.767,9.758,9.769,9.869,10.069,10.199,10.317,10.405,10.621,11.367,11.988,12.228,12.368,12.847,13.012,13.053,13.117,13.266,13.546,13.986,14.398,14.608,14.625,14.367,14.035,13.839,13.8,13.792,13.869,13.867,13.913,14.122,14.474,14.747,14.827,14.914,15.455,16.666,17.653,18.756,20.044,21.358,23.237,25.631,28.122,30.367,32.39,34.468,36.455,38.502,40.607,43.091,46.059,49.22,51.852,53.377,54.583,55.238,56.449,57.337,58.679,60.849,62.964,65.662,68.131,69.819,71.684,73.656,76.388,77.502,79.108,81.388,83.8,86.258,88.679,89.102,91.371,94.241,97.428,100,101.21,101.298,101.739,100.165,102.978,106.857,108.905
      Pharmaceutical and other medical products\9\,10.726,10.668,10.474,10.077,9.544,9.174,8.933,8.939,9.007,9.072,9.029,9.019,9.127,9.351,9.404,9.476,9.544,9.738,10.527,11.151,11.331,11.471,11.884,12.038,12.132,12.245,12.369,12.648,13.035,13.479,13.681,13.652,13.316,12.928,12.704,12.641,12.595,12.622,12.531,12.516,12.657,12.916,13.08,13.09,13.105,13.512,14.557,15.411,16.383,17.557,18.752,20.41,22.649,25.032,27.24,29.269,31.348,33.324,35.27,37.332,39.855,42.903,46.205,48.844,50.294,51.474,51.857,53.073,53.928,55.278,57.664,59.833,62.664,65.411,67.272,69.189,71.229,74.048,75.115,76.824,79.272,82.077,84.79,87.407,87.824,90.297,93.588,97.11,100,101.248,101.147,101.786,100.155,102.814,106.539,108.518
        Pharmaceutical products,,,,,,,,,,,,,,,,,,,,,,,,,,,,,,,13.542,13.51,13.172,12.781,12.557,12.493,12.448,12.474,12.383,12.368,12.507,12.762,12.923,12.932,12.946,13.346,14.376,15.219,16.178,17.341,18.526,20.168,22.39,24.752,26.948,28.972,31.049,33.016,34.96,37.024,39.537,42.585,45.893,48.533,49.97,51.146,51.506,52.72,53.573,54.922,57.317,59.495,62.343,65.11,66.981,68.905,70.957,73.788,74.854,76.577,79.035,81.888,84.626,87.258,87.675,90.18,93.514,97.081,100,101.256,101.13,101.812,100.197,102.821,106.491,108.476
        Other medical products,,,,,,,,,,,,,,,,,,,,,,,,,,,,,,,28.674,28.724,28.369,27.944,27.662,27.593,27.521,27.594,27.489,27.542,27.822,28.471,28.94,29.007,29.104,30.139,32.643,34.615,36.867,39.179,41.532,44.841,48.967,53.596,56.936,59.569,62.167,65.193,67.638,69.842,73.609,77.168,80.581,83.59,86.389,88.018,90.88,92.304,93.374,94.581,95.449,96.204,96.244,95.876,96.226,97.083,97.555,98.97,99.963,100.263,101.621,99.485,99.754,101.007,101.441,100.896,100.153,99.686,100,100.58,102.613,99.525,96.646,101.828,109.733,111.194
      Therapeutic appliances and equipment,15.928,15.81,15.682,14.909,14.274,14.226,14.199,14.151,14.233,14.265,14.397,14.499,14.584,14.729,15.19,15.515,15.699,16.041,16.745,17.467,17.994,18.156,18.992,19.228,19.055,18.921,19.204,19.525,20.273,20.558,20.828,21.126,21.382,21.418,21.416,21.539,21.775,22.17,22.768,23.256,23.952,24.962,26.03,26.662,27.303,28.832,31.193,33.097,35.1,37.143,39.237,42.627,45.971,49.073,51.476,53.439,55.577,57.766,60.578,63.164,65.753,68.687,71.458,74.308,76.413,77.882,80.235,81.5,82.655,84.03,84.834,86.622,88.311,88.513,88.794,90.219,91.667,93.743,95.214,96.071,97.078,96.548,97.161,98.175,98.646,99.394,99.081,99.76,100,100.931,102.399,101.351,100.184,104.031,108.971,111.518
    Outpatient services,3.604,3.691,3.416,2.926,2.927,3.02,3.213,3.278,3.346,3.477,3.441,3.568,3.632,3.842,4.163,4.451,4.579,4.809,5.094,5.315,5.375,5.411,5.549,5.822,6.131,6.391,6.64,6.908,7.161,7.402,7.647,7.827,7.981,8.214,8.409,8.632,8.913,9.419,10.024,10.583,11.344,12.137,12.942,13.377,13.812,15.035,16.817,18.549,20.191,21.774,23.65,26.245,28.964,31.437,33.721,35.956,38.17,40.665,43.209,46.123,49.191,52.425,55.493,58.615,61.386,64.22,66.42,67.466,69.254,70.97,72.601,74.351,76.679,77.737,79.304,81.33,83.367,84.88,88.034,89.984,92.037,94.061,95.384,96.53,97.25,98.146,98.135,98.976,100,101.046,102.282,103.866,106.917,108.908,110.533,112.808
      Physician services\10\,3.602,3.684,3.412,2.937,2.95,3.045,3.236,3.304,3.358,3.48,3.453,3.576,3.643,3.847,4.187,4.46,4.568,4.785,5.043,5.248,5.275,5.301,5.437,5.737,6.036,6.281,6.566,6.852,7.137,7.381,7.626,7.812,7.995,8.227,8.414,8.646,8.924,9.486,10.13,10.693,11.48,12.318,13.147,13.567,13.993,15.296,17.156,19.106,20.87,22.581,24.676,27.286,30.27,33.113,35.706,38.187,40.406,43.342,46.534,49.865,53.523,57.373,60.753,64.57,68.164,71.58,74.395,74.917,75.924,77.55,79.271,80.647,82.942,82.839,83.973,85.668,87.211,87.997,91.609,92.579,94.817,97.144,98.627,99.786,99.924,100.485,99.333,99.544,100,100.821,101.806,102.985,106.818,107.352,107.911,109.966
      Dental services,2.653,2.727,2.522,2.125,2.106,2.162,2.319,2.357,2.439,2.541,2.514,2.615,2.643,2.819,3.014,3.253,3.392,3.594,3.855,4.057,4.178,4.223,4.333,4.474,4.73,4.944,5.046,5.203,5.332,5.489,5.628,5.74,5.771,5.937,6.098,6.264,6.469,6.678,7.013,7.394,7.92,8.362,8.902,9.262,9.565,10.276,11.349,12.093,12.986,13.888,15.054,16.847,18.454,19.883,21.215,22.937,24.387,25.74,27.487,29.331,31.128,33.159,35.604,37.964,39.92,41.793,43.806,45.828,47.951,49.992,52.329,54.714,56.932,59.471,61.905,64.956,68.562,72.132,75.845,79.745,82.12,84.382,86.344,88.332,91.371,93.329,95.699,98.405,100,102.732,104.986,108.089,110.573,115.04,121.53,126.747
      Paramedical services,4.141,4.234,3.908,3.397,3.397,3.537,3.723,3.817,3.863,4.049,3.957,4.096,4.234,4.421,4.84,5.165,5.258,5.49,5.816,6.049,6.097,6.143,6.283,6.608,6.932,7.261,7.585,7.91,8.191,8.516,8.924,9.153,9.375,9.663,9.892,10.111,10.455,11.104,11.852,12.543,13.381,14.41,15.35,15.825,16.406,17.894,20.133,22.395,24.477,26.364,28.161,31.336,34.278,36.564,38.79,40.529,43.353,45.696,47.119,49.817,52.479,55.238,58.029,60.327,62.19,64.64,65.979,67.126,69.719,71.301,72.327,74.171,76.533,78.403,80.089,82.022,83.958,85.541,87.652,90.164,91.763,93.206,94.002,94.774,95.425,96.4,97.196,98.31,100,100.787,102.046,103.744,105.829,109.126,110.769,112.502
        Home health care,,,,,,,,,,,,,,,,,,,,,,,,,,,,,,,,,,,,,,,,,,,,,,,,,,,,,,,,,,,50.712,53.627,56.546,59.56,62.441,64.961,67.009,69.696,70.934,72.207,75.833,77.887,78.547,81.481,83.618,85.51,86.01,88.036,88.954,89.53,91.149,92.656,94.077,95.145,95.139,95.909,95.578,96.427,97.556,99.086,100,102.395,105.305,108.588,110.749,113.47,118.447,121.722
        Medical laboratories,,,,,,,,,,,,,,,,,,,,,,,,,,,,,,,,,,,,,,,,,,,,,,,,,,,,,,,,,,,57.702,61.027,64.303,67.688,71.03,73.872,76.193,79.262,83.664,84.757,85.409,85.655,85.216,87.013,90.206,91.708,93.057,94.08,97.565,97.791,100.423,100.631,101.575,101.509,101.851,101.9,100.488,100.16,100.156,99.94,100,98.835,98.043,97.891,97.803,97.487,98.005,98.367
        Other professional medical services\11\,,,,,,,,,,,,,,,,,,,,,,,,,,,,,,,,,,,,,,,,,,,,,,,,,,,,,,,,,,,43.666,46.16,48.605,51.144,53.79,55.895,57.597,59.834,60.873,61.948,64.175,65.673,67.078,68.428,70.732,72.638,74.84,76.882,78.957,81.218,83.444,86.853,88.67,90.606,91.9,92.82,94.401,95.699,96.473,97.62,100,100.322,101.11,102.341,104.81,109.086,109.348,110.588
    Hospital and nursing home services,1.398,1.32,1.243,1.165,1.113,1.165,1.217,1.243,1.294,1.269,1.269,1.294,1.346,1.45,1.553,1.683,1.812,2.097,2.537,2.744,2.796,2.926,3.159,3.314,3.443,3.521,3.625,3.728,3.909,4.091,4.182,4.725,4.85,4.949,5.116,5.339,5.496,5.661,6.018,6.442,6.888,7.443,7.734,8.118,8.597,9.457,10.478,11.436,12.345,13.441,14.861,16.779,19.05,21.559,23.812,25.739,27.282,28.782,30.675,33.334,36.869,40.631,44.424,48.082,50.906,52.735,54.76,56.426,57.238,58.022,59.242,61.127,63.302,65.621,69.194,72.49,75.238,78.348,81.238,83.776,86.373,88.789,90.727,92.81,94.591,95.827,96.834,98.2,100,102.573,104.906,108.446,111.555,114.762,118.316,122.298
      Hospitals\12\,1.309,1.236,1.164,1.091,1.042,1.091,1.139,1.164,1.212,1.188,1.188,1.212,1.261,1.358,1.455,1.576,1.697,1.964,2.376,2.57,2.618,2.739,2.958,3.103,3.224,3.297,3.394,3.491,3.661,3.83,3.916,4.448,4.567,4.662,4.814,5.026,5.175,5.328,5.665,6.059,6.485,7.005,7.272,7.638,8.096,8.887,9.866,10.81,11.704,12.74,14.109,16.011,18.289,20.881,23.234,25.246,26.859,28.459,30.444,33.28,37.1,41.144,45.315,49.441,52.567,54.475,56.403,57.764,58.244,58.672,59.687,61.269,63.085,65.379,69.233,72.613,75.375,78.671,81.411,83.827,86.378,88.934,90.836,93.082,95.066,96.345,97.174,98.326,100,102.429,104.51,107.91,111.197,114.37,117.41,121.344
      Nursing homes,2.128,2.01,1.892,1.773,1.695,1.774,1.852,1.892,1.971,1.931,1.931,1.971,2.049,2.207,2.365,2.562,2.759,3.192,3.862,4.177,4.256,4.453,4.808,5.044,5.242,5.36,5.517,5.675,5.951,6.227,6.366,6.672,6.831,6.958,7.252,7.548,7.759,8.01,8.516,9.147,9.736,10.539,11.003,11.512,12.142,13.486,14.8,15.853,16.866,18.385,20.151,22.177,24.37,26.227,27.75,29.137,30.276,31.204,32.578,34.275,36.339,38.761,40.819,42.362,43.856,45.351,47.792,50.708,52.885,55.133,57.215,60.419,64.217,66.652,68.876,71.766,74.447,76.655,80.264,83.391,86.211,87.929,90.044,91.302,92.054,93.068,94.997,97.514,100,103.378,107.175,111.548,113.526,116.941,123.846,128.132
  Transportation,10.211,9.911,9.032,8.73,8.376,8.701,8.721,8.816,8.958,9.01,8.797,8.708,9.184,10.128,10.357,10.432,10.515,11.299,12.386,13.468,14.014,14.187,14.874,15.39,15.599,15.554,15.768,16.379,17.221,17.585,18.184,18.26,18.378,18.645,18.723,18.822,18.998,19.122,19.587,20.203,20.871,21.616,22.534,22.849,23.688,27.111,29.593,31.53,33.453,35.505,40.872,48.954,53.925,54.516,55.068,56.032,57.041,54.625,56.985,58.274,61.037,63.748,64.846,65.871,67.571,69.325,71.326,73.156,73.839,71.903,73.467,78.042,77.738,76.568,78.377,81.306,87.003,91.215,93.895,99.766,90.793,97.725,107.812,110.285,109.921,109.043,100.125,97.38,100,103.818,103.992,100.782,114.576,132.973,132.567,130.979
    Motor vehicles,6.851,6.664,6.4,6.053,5.48,5.772,5.651,5.677,5.789,6.11,5.952,6.046,6.68,9.306,9.98,10.759,11.204,17.765,19.951,21.77,22.667,22.657,23.587,24.717,24.231,23.356,23.651,24.813,26.552,27.695,29.316,28.819,29.144,29.685,29.882,30.158,29.725,29.413,29.767,30.782,31.342,32.184,33.818,33.875,34.234,36.297,39.958,43.062,45.503,48.859,52.322,55.732,60.447,63.681,66.597,69.434,71.328,73.632,77.41,78.628,81.05,81.307,83.858,85.617,89.781,94.708,99.014,101.349,101.88,100.735,101.15,101.525,101.664,100.859,97.561,96.621,97.999,97.479,96.339,93.41,92.545,96.761,99.657,100.772,101.905,102.15,102.303,101.545,100,99.846,100.457,102.036,115.218,128.677,128.16,124.969
      New motor vehicles,16.888,16.403,15.652,14.682,13.265,14.045,13.822,13.934,14.196,14.904,14.529,14.567,15.655,18.629,19.8,22.254,17.361,20.349,23.056,25.212,27.617,27.802,28.988,31.651,31.916,32.43,29.322,30.878,32.655,33.838,35.308,34.852,34.859,34.718,34.51,34.42,33.651,33.03,33.334,34.277,34.813,35.805,37.296,37.023,37.035,39.1,42.617,45.27,47.656,51.252,55.212,59.534,63.067,65.533,67.214,69.17,71.489,74.585,76.789,78.017,79.781,81.495,84.673,86.86,89.384,92.653,94.959,96.812,97.457,96.965,96.907,96.79,96.263,94.694,93.33,92.709,93.17,92.573,91.594,90.21,91.18,93.034,95.63,97.286,98.452,99.046,99.846,100.15,100,99.512,99.87,100.535,106.111,117.357,121.889,121.194
      Net purchases of used motor vehicles,0.47,0.491,0.606,0.722,0.688,0.622,0.503,0.432,0.459,0.587,0.559,0.849,1.645,2.99,3.22,3.425,3.731,7.607,8.167,8.808,7.09,6.758,6.965,5.788,4.508,1.572,8.351,8.558,9.779,10.491,11.789,11.345,12.125,13.774,14.817,15.925,16.407,16.964,17.41,18.521,19.111,19.473,21.384,22.526,24.132,26.152,30.104,34.624,37.253,39.676,41.225,41.463,49.754,55.508,63.221,69.723,69.881,68.933,78.846,80.009,84.812,80.192,81.013,81.721,89.908,98.952,108.013,111.414,111.717,109.25,110.63,112.062,113.737,114.833,106.528,104.763,108.506,108.195,106.674,100.34,96.044,104.624,108.159,107.863,108.88,108.234,106.902,104.026,100,100.399,101.426,104.615,131.697,149.276,138.602,130.439
    Motor vehicle operation,9.185,8.757,7.592,7.486,7.314,7.632,7.698,7.872,8.058,7.885,7.621,7.472,7.768,8.294,8.389,8.523,8.508,8.743,9.554,10.376,10.579,10.689,11.229,11.458,11.902,12.143,12.294,12.657,13.128,13.13,13.314,13.549,13.514,13.614,13.668,13.665,14.102,14.386,14.87,15.28,15.899,16.414,16.908,17.257,18.311,22.405,24.327,25.655,27.288,28.773,35.26,44.648,49.085,48.552,47.962,47.777,48.427,43.455,44.992,45.966,48.796,52.732,53.219,53.794,54.077,54.822,55.834,57.755,58.05,55.306,57.693,64.749,64.861,64.088,69.045,74.886,83.688,90.687,95.959,106.635,92.125,100.922,115.784,118.826,117.264,115.089,98.768,94.252,100,107.095,106.425,100.506,117.143,139.952,138.091,136.943
      Motor vehicle parts and accessories,29.41,27.365,23.392,21.545,21.983,22.628,22.814,22.924,24.123,23.648,23.338,22.103,22.422,25.693,26.45,28.306,28.348,29.015,30.064,30.661,30.586,31.432,35.513,35.448,34.964,34.208,34.295,34.728,35.029,35.13,34.903,33.839,32.85,32.921,33.456,33.478,34.749,35.471,36.34,37.674,38.893,40.751,42.25,42.532,41.429,44.228,48.235,51.657,55.14,57.706,63.333,70.392,73.961,75.767,73.62,70.783,70.746,70.535,71.104,72.211,73.745,74.002,74.668,75.156,73.931,73.513,73.767,73.645,73.251,72.636,72.284,72.54,74.322,75.643,76.397,76.774,78.574,81.777,84.574,89.039,92.529,94.32,97.812,100.349,100.338,99.976,100.147,100.038,100,100.946,102.965,104.934,108.781,121.724,125.5,126.436
"      Motor vehicle fuels, lubricants, and fluids",7.509,7.171,6.063,6.307,6.252,6.563,6.577,6.793,6.954,6.765,6.455,6.347,6.631,6.941,7.009,7.023,6.968,7.144,8.008,8.981,9.169,9.183,9.372,9.561,9.966,10.182,10.29,10.601,11.06,10.952,11.107,11.428,11.316,11.387,11.359,11.285,11.712,11.981,12.377,12.56,12.973,13.089,13.184,13.356,14.633,19.768,21.094,21.991,23.264,24.275,32.532,45.15,50.238,47.697,46.137,45.447,45.814,35.981,37.364,37.681,41.159,46.857,46.241,46.062,45.594,45.81,46.539,49.389,49.379,42.987,46.798,59.795,57.65,54.199,63.139,74.25,90.276,101.889,110.459,128.647,94.378,111.35,139.944,144.849,140.838,135.501,99.724,88.729,100,113.111,109.25,93.343,124.404,162.702,146.575,138.937
      Motor vehicle maintenance and repair,6.543,6.327,5.939,5.165,4.612,4.764,4.935,4.937,4.951,4.951,4.936,4.92,5.137,5.587,5.647,5.726,5.771,5.957,6.452,6.808,6.978,7.132,7.659,7.86,8.278,8.572,8.758,9.097,9.422,9.577,9.781,9.952,10.213,10.346,10.474,10.601,10.82,10.995,11.469,12.076,12.854,13.807,14.803,15.452,16.315,17.96,20.255,21.725,23.359,25.256,27.698,30.532,33.313,35.751,37.252,38.435,39.442,40.635,42.135,43.823,45.575,47.345,49.338,51.141,52.631,54.025,55.262,56.679,58.142,59.561,61.198,63.142,65.338,67.731,69.644,71.27,73.672,76.774,79.382,83.228,86.638,88.285,90.129,91.714,93.159,94.72,96.392,98.043,100,101.94,105.408,108.933,113.314,122.417,136.619,145.028
      Other motor vehicle services,14.005,13.733,13.216,12.135,11.318,11.594,11.675,11.611,11.569,11.524,11.608,11.612,12.043,12.796,12.391,12.401,12.457,13.241,14.097,15.284,16.216,16.285,17.199,18.502,19.84,20.206,20.318,20.479,21.254,22.237,22.948,23.065,23.171,23.246,23.242,23.302,23.416,23.505,23.67,23.85,24.135,24.491,24.869,25.129,26.015,27.47,29.395,30.796,32.293,33.82,37.231,41.255,45.19,48.967,51.66,54.448,56.895,61.613,65.774,67.94,70.965,73.592,75.222,75.807,78.483,81.591,84.231,84.574,83.615,84.277,84.804,86.513,89.029,89.354,88.596,87.601,89.085,90.569,91.561,94.952,102.474,99.864,99.146,98.661,98.334,98.068,98.297,99.699,100,103.152,102.537,101.471,111.455,123.412,129.159,128.008
    Public transportation,7.049,7.072,6.741,6.359,6.12,6.207,6.313,6.263,6.204,6.272,6.313,6.151,6.179,6.49,6.666,6.601,6.697,6.918,7.403,8.02,8.842,9.438,10.108,10.538,10.929,11.3,11.634,12.014,12.48,13.009,13.539,13.992,14.54,15.114,14.993,15.254,15.476,15.863,16.418,17.087,18.253,20.01,21.6,22.35,22.975,24.564,26.837,29.07,30.937,32.346,34.728,44.22,52.034,53.174,54.651,57.336,57.406,54.614,57.067,60.755,63.892,66.286,66.49,68.014,71.077,68.924,69.896,69.203,72.438,73.435,73.438,76.161,72.404,68.011,70.096,70.913,74.805,79.257,80.17,86.639,83.77,88.829,94.859,98.244,99.31,101.11,99.596,99.061,100,101.557,103.807,97.289,98.69,113.537,118.095,118.72
      Ground transportation\13\,3.929,3.945,3.76,3.547,3.414,3.464,3.523,3.494,3.461,3.503,3.524,3.435,3.45,3.622,3.719,3.681,3.739,3.872,4.141,4.478,4.952,5.308,5.705,5.961,6.203,6.445,6.671,6.921,7.232,7.506,7.811,8.005,8.263,8.56,8.685,8.908,9.076,9.402,9.907,10.433,11.084,12.323,13.352,13.938,14.153,14.938,16.376,17.714,18.949,19.965,21.452,24.832,29.097,32.007,33.569,35.609,36.954,39.552,40.667,42.254,43.535,45.639,47.839,49.782,50.408,50.871,51.441,55.266,56.154,56.627,56.637,58.075,59.877,61.444,64.913,67.999,70.811,74.293,75.381,79.089,82.427,85.993,90.439,91.782,94.629,95.063,96.306,98.604,100,101.188,101.621,99.175,102.76,104.446,105.794,104.586
      Air transportation,26.315,18.26,18.2,16.071,16.032,13.617,14.345,14.358,14.37,12.669,13.646,12.835,12.975,14.201,14.828,15.639,14.597,13.69,14.887,17.028,17.316,17.028,17.19,17.395,17.375,17.117,16.878,16.865,16.867,18.03,18.772,20.087,21.395,22.498,20.875,20.781,20.873,20.923,20.95,21.395,23.027,24.791,26.636,27.276,28.402,30.749,33.486,36.316,38.487,40.006,42.929,58.076,68.526,66.952,67.974,70.883,69.59,62.09,65.422,70.539,74.932,77.337,75.762,76.742,81.619,77.48,78.648,74.979,79.497,80.647,80.746,84.567,77.893,70.058,71.725,71.441,75.988,81.144,82.005,90.389,84.186,90.213,97.371,101.967,102.106,104.716,101.623,99.323,100,101.823,105.279,95.888,95.803,117.254,123.551,125.439
      Water transportation,27.536,26.927,27.07,26.912,26.718,27.278,26.862,27.347,27.347,26.048,26.476,26.253,27.171,27.769,28.561,29.704,29.685,29.694,29.641,31.325,30.222,29.905,29.905,29.905,29.247,29.471,29.247,29.482,29.482,29.482,30.527,31.744,32.437,32.893,33.726,34.105,35.166,36.541,37.67,39.398,42.049,45.454,47.872,50.009,52.205,56.518,61.787,66.554,71.443,76.849,80.745,86.401,90.975,94.761,98.054,101.063,104.747,110.09,112.883,114.528,118.929,124.266,129.33,133.423,137.144,140.176,144.465,148.215,152.176,159.8,154.762,138.405,125.246,120.276,110.324,108.553,109.864,109.495,108.904,107.116,97.198,98.292,96.16,95.287,96.497,95.768,95.726,99.107,100,100.299,99.6,95.588,101.685,100.709,102.641,98.722
  Communication,38.975,38.96,38.738,38.677,38.656,38.447,38.439,38.166,38.027,37.82,37.705,37.896,38.452,40.65,42.272,43.799,44.606,44.919,46.355,48.843,50.805,54.236,55.739,58.014,59.979,59.495,59.112,59.934,61.119,62.931,64.587,65.761,66.036,66.108,67.374,67.754,67.006,65.809,66.802,67.955,69.007,69.776,74.245,78.479,80.372,84.816,87.54,92.688,93.796,95.593,95.935,97.506,107.682,118.936,125.723,133.901,138.836,143.207,140.488,140.708,141.239,141.196,144.263,144.724,145.472,148.18,148.938,149.552,150.582,149.269,145.836,141.134,138.926,139.094,137.719,134.753,132.772,131.743,128.81,129.86,130.75,129.536,127.529,126.217,124.219,118.538,112.311,107.226,100,97.733,93.993,91.444,89.344,87.287,85.926,84.829
    Telephone and related communication equipment,93.213,87.994,76.705,65.475,67.307,76.454,76.949,79.857,88.505,87.197,89.27,91.651,102.642,119.929,140.583,166.8,185.424,183.306,181.986,181.722,175.684,179.926,197.97,195.605,198.0,194.805,195.125,203.404,208.411,213.167,217.816,218.851,218.719,214.266,214.001,214.067,224.646,235.607,243.387,255.883,270.058,280.085,299.178,318.993,329.16,340.991,363.217,387.697,411.202,447.178,474.74,514.132,576.115,650.171,715.345,773.526,838.533,907.3,976.002,1044.75,1112.045,1202.235,1264.803,1334.339,1381.189,1431.084,1486.375,1570.569,1646.74,1598.845,1416.92,1279.844,1148.691,1002.905,836.319,722.852,633.227,529.577,449.518,396.357,350.272,314.455,297.5,256.436,216.899,168.824,141.32,115.485,100,92.736,79.351,67.952,57.308,49.639,43.404,39.02
    Postal and delivery services,2.973,2.854,2.694,2.645,2.708,2.819,2.903,2.856,2.988,2.893,2.859,2.919,3.104,3.309,3.568,3.812,3.908,4.071,4.537,4.839,4.975,5.09,5.417,5.755,5.915,6.13,6.255,6.388,6.532,6.722,7.026,7.267,7.335,7.403,8.496,8.771,8.84,8.911,9.152,10.379,10.689,10.766,12.585,13.361,13.549,15.662,16.134,20.359,20.682,22.384,23.624,23.698,27.782,31.107,31.185,31.273,33.984,34.535,34.646,37.931,39.207,39.381,44.656,45.353,45.55,45.734,49.921,50.097,50.25,50.585,52.262,52.745,55.117,58.147,61.199,62.632,63.618,67.431,69.819,74.346,75.523,80.21,85.334,88.871,93.397,96.885,97.051,96.514,100,104.437,108.744,111.154,117.176,128.053,135.781,143.088
      First-class postal service by U.S. Postal Service (USPS),,,,,,,,,,,,,,,,,,,,,,,,,,,,,,,7.843,8.112,8.189,8.263,9.496,9.805,9.881,9.957,10.226,11.61,11.954,12.032,14.109,14.99,15.185,17.606,18.103,22.985,23.308,25.235,26.621,26.652,31.293,35.061,35.102,35.144,38.272,38.822,38.841,42.698,44.092,44.092,50.589,51.215,51.215,51.215,56.505,56.505,56.505,56.505,58.197,58.201,60.452,63.974,67.299,67.299,67.295,70.899,72.668,75.112,78.851,81.066,84.15,87.074,92.542,96.47,96.787,97.525,100,102.099,107.88,112.613,117.096,120.86,126.228,132.852
      Other delivery services (by non-USPS facilities),,,,,,,,,,,,,,,,,,,,,,,,,,,,,,,6.616,6.741,6.815,6.946,7.066,7.219,7.376,7.602,7.811,8.206,8.564,8.88,9.339,9.701,10.112,10.781,11.678,12.47,13.348,14.294,15.292,16.533,17.962,19.234,20.622,21.621,22.554,23.578,24.51,25.614,26.729,27.863,28.979,30.056,30.987,31.85,32.697,33.485,34.183,35.688,37.454,39.456,42.336,44.051,46.46,51.689,55.191,59.546,63.34,72.622,68.134,77.821,86.88,91.424,94.612,97.516,97.493,95.491,100,106.585,109.628,110.308,117.302,132.531,141.798,149.543
    Telecommunication services,46.82,47.156,47.332,47.419,47.19,46.523,46.249,45.994,45.373,45.372,45.311,45.396,45.628,48.14,49.69,51.143,51.995,51.993,52.796,55.497,57.877,62.285,63.587,65.952,68.262,67.195,66.454,67.289,68.589,70.628,72.28,73.421,73.672,73.665,73.687,73.788,72.742,71.141,72.081,72.085,73.036,73.888,77.515,81.879,83.973,87.52,90.348,93.561,94.625,95.689,95.362,96.972,106.214,117.019,124.397,133.457,137.371,141.791,138.373,136.728,136.506,136.085,137.185,137.271,137.938,140.81,140.252,140.498,141.17,139.434,136.141,131.68,129.15,129.53,128.553,126.353,125.194,125.848,127.944,129.861,131.558,130.397,127.851,127.921,126.971,121.593,114.876,109.943,100,97.325,92.421,90.463,88.342,85.409,82.872,80.764
    Internet access,,,,,,,,,,,,,,,,,,,,,,,,,,,,,,,,,,,,,,,,,,,,,,,,,,,,,,,,,,,197.69,200.319,189.507,180.545,166.926,153.959,140.282,123.068,117.132,120.538,125.243,133.943,129.994,125.836,128.112,129.276,130.385,127.195,125.054,118.83,95.685,96.598,99.984,100.643,99.7,99.927,100.863,102.016,101.251,101.134,100,99.243,100.724,99.941,100.987,102.639,106.499,109.591
  Recreation,32.02,29.714,26.53,24.014,22.891,23.724,24.068,24.161,25.359,25.163,24.653,25.078,25.586,28.164,29.984,33.02,34.23,35.71,39.425,41.922,42.829,42.938,44.522,45.122,45.652,45.606,45.998,46.825,48.593,50.133,48.935,49.922,50.559,51.072,51.908,52.828,53.177,53.742,54.95,57.104,59.13,60.883,63.471,64.751,66.316,70.828,76.154,79.203,82.203,85.861,90.701,97.514,103.756,108.415,110.7,112.489,114.221,115.014,116.924,119.338,122.616,125.769,129.082,130.346,130.862,131.654,131.683,130.859,128.782,126.009,123.053,121.778,120.205,118.377,116.519,115.527,114.122,112.982,111.239,111.003,109.467,106.857,105.117,104.326,103.173,102.229,101.348,100.403,100,99.425,98.968,98.127,100.364,104.048,105.701,106.455
"    Video and audio equipment, computers, and related services",787.141,609.387,439.333,331.508,304.434,326.29,322.529,320.303,328.001,318.521,306.84,309.776,319.728,377.089,383.586,410.724,413.159,419.744,509.608,537.204,563.502,564.732,567.363,537.7,530.871,515.419,498.849,504.355,523.52,537.648,511.435,513.624,507.649,495.904,490.63,485.295,472.088,455.675,452.14,453.523,453.64,452.826,457.571,460.204,461.336,470.508,485.493,492.774,497.572,507.645,523.296,537.91,552.798,556.113,539.983,527.684,513.172,491.907,484.267,476.547,473.735,468.63,464.134,449.247,435.624,419.376,396.196,363.708,331.154,299.955,272.131,254.477,235.101,219.916,205.496,195.273,183.481,171.321,158.684,149.378,139.288,130.088,123.02,117.554,112.45,108.62,105.52,101.554,100,97.104,93.244,89.043,89.288,89.021,87.026,85.982
      Video and audio equipment,,,,,,,,,,,,,,,,,,,,,,,,,,,,,,,1164.548,1164.479,1142.045,1103.665,1085.275,1068.504,1032.536,987.886,973.016,969.771,968.126,968.89,974.087,976.733,972.914,988.538,1016.349,1026.022,1025.964,1036.445,1059.682,1077.743,1096.45,1092.517,1061.583,1016.603,957.627,910.416,880.811,846.778,825.165,803.839,785.166,768.763,752.193,730.633,705.827,676.563,648.828,618.22,578.417,542.758,511.308,478.007,445.084,413.767,381.256,343.518,299.013,267.791,230.745,199.238,178.7,158.014,143.593,132.015,121.416,109.255,100,89.151,82.456,76.445,76.478,73.208,70.511,69.291
      Information processing equipment,,,,,,,,,,,,,,,,,,,,,,,,,,,,,,,12589.382,12649.097,12641.782,12383.42,12369.678,12372.41,12988.187,13616.639,14067.916,14797.23,15615.014,16195.669,17295.017,18433.496,19021.888,19702.595,20979.829,22400.155,23733.981,25526.672,26829.164,25780.509,25753.162,23395.837,17836.024,16067.223,15133.344,11898.336,10905.513,10098.504,9463.418,8090.965,6864.666,5303.189,4149.991,3648.166,2927.947,2055.032,1412.269,985.679,724.619,593.062,456.694,366.545,303.171,270.993,239.096,212.06,195.285,180.227,167.45,155.562,142.59,132.719,123.207,116.512,111.846,104.046,100,96.904,90.346,82.663,81.493,80.283,75.676,73.519
      Services related to video and audio goods and computers,,,,,,,,,,,,,,,,,,,,,,,,,,,,,,,18.73,19.017,19.125,19.155,19.212,19.209,18.888,18.598,18.876,19.277,19.275,18.949,19.329,19.463,19.876,20.497,21.32,21.898,22.572,23.635,24.992,26.819,28.503,29.979,31.042,32.499,34.135,35.282,36.928,38.958,41.075,43.885,47.181,49.367,51.948,51.794,52.469,54.784,57.795,60.253,61.9,63.887,65.741,68.724,70.826,72.981,74.688,77.29,78.494,80.351,81.791,82.466,84.098,87.596,89.495,91.201,92.6,95.476,100,101.623,103.347,106.548,109.994,114.382,120.111,122.844
    Sports and recreational goods and related services,32.526,31.382,27.65,22.79,22.721,25.88,27.213,26.24,29.795,27.212,25.172,26.438,26.303,31.475,33.133,38.362,39.979,40.822,44.628,48.152,47.649,46.678,49.441,50.477,49.679,48.409,48.8,49.022,50.058,50.824,55.183,56.175,56.85,57.662,58.312,57.929,57.896,58.591,60.166,63.127,66.348,67.049,71.077,72.285,74.087,79.291,85.846,89.132,92.45,96.767,102.445,111.211,118.901,123.806,125.193,126.679,127.772,127.704,129.84,134.472,138.143,141.873,145.192,147.54,147.158,149.021,149.737,149.259,147.356,144.632,140.127,137.789,136.333,132.75,129.554,128.134,126.007,125.141,123.058,123.21,122.308,118.725,115.947,114.085,111.638,108.751,106.075,103.377,100,97.119,95.263,94.117,98.011,101.949,102.045,100.482
      Sports and recreational vehicles,,,,,,,,,,,,,,,,,,,,,,,,,,,,,,,25.097,25.671,25.578,25.834,26.172,26.351,26.443,26.853,27.526,28.492,29.654,28.616,32.157,33.313,34.81,38.745,42.73,44.856,47.668,50.597,54.03,59.127,62.846,65.343,66.17,68.458,70.405,70.382,70.73,72.987,75.186,77.03,78.592,80.245,81.092,82.987,85.309,86.027,85.434,85.604,87.585,89.224,90.494,90.061,89.326,89.688,91.159,93.473,92.871,93.811,94.688,95.055,97.176,98.707,99.134,98.903,99.028,100.472,100,101.626,104.505,106.684,112.48,115.901,116.845,114.622
      Other sporting and recreational goods,,,,,,,,,,,,,,,,,,,,,,,,,,,,,,,75.256,76.516,77.676,78.846,79.702,78.938,78.807,79.675,81.853,86.246,90.973,93.789,96.671,97.315,98.568,103.083,110.448,113.957,116.505,120.939,127.41,137.757,147.649,153.832,155.466,155.821,155.79,155.723,159.155,165.057,169.399,174.059,178.237,180.905,179.81,181.539,181.194,179.99,177.347,172.883,164.499,159.873,156.882,151.639,147.099,144.645,140.378,137.639,134.772,134.453,132.721,127.602,123.044,119.959,116.442,112.542,108.801,104.526,100,95.336,91.761,89.515,92.747,96.781,96.652,95.288
      Maintenance and repair of recreational vehicles and sports equipment,,,,,,,,,,,,,,,,,,,,,,,,,,,,,,,29.286,30.234,29.99,30.344,30.905,31.431,31.788,32.533,33.436,34.707,36.391,33.917,40.318,42.268,44.818,51.22,57.425,60.538,65.005,68.697,73.102,79.743,85.077,88.531,89.604,92.323,94.244,93.652,94.052,97.477,100.136,103.562,106.797,108.325,108.287,110.168,111.345,111.25,110.453,109.805,108.415,107.226,106.786,104.931,103.889,103.643,104.047,105.56,104.926,106.662,108.013,107.049,106.757,107.012,106.411,104.957,103.261,101.913,100,100.037,101.195,102.436,109.303,114.94,114.393,112.347
"    Membership clubs, sports centers, parks, theaters, and museums",4.937,4.874,4.665,4.445,4.162,4.179,4.234,4.329,4.484,4.566,4.53,4.585,4.746,4.982,5.382,6.127,6.46,6.799,7.216,7.377,7.505,7.566,7.8,7.98,8.316,8.712,9.062,9.311,9.661,10.027,10.28,10.826,11.263,11.64,12.011,12.513,12.918,13.424,14.022,14.878,15.742,16.836,17.697,18.271,18.985,20.404,22.016,23.332,24.671,26.335,28.031,29.93,31.626,33.401,35.081,36.703,38.397,40.242,41.951,43.497,45.858,48.276,50.717,52.076,53.489,55.299,56.594,58.595,60.449,61.953,64.813,67.85,70.443,72.37,75.046,76.833,78.847,81.697,84.263,86.451,87.398,87.718,87.695,89.842,91.222,92.828,95.091,97.613,100,102.334,104.62,106.745,107.858,111.631,117.082,122.58
      Membership clubs and participant sports centers,,,,,,,,,,,,,,,,,,,,,,,,,,,,,,,11.982,12.764,13.4,13.977,14.511,15.002,15.001,15.24,15.73,16.31,16.798,17.482,18.302,18.782,19.519,20.632,21.894,23.108,24.357,26.323,28.225,30.797,33.651,36.547,38.858,40.938,43.202,45.633,48.321,50.957,53.83,56.692,59.942,62.428,65.386,68.683,68.589,70.767,73.71,75.687,78.16,80.48,82.517,83.464,85.821,86.226,86.795,90.059,91.425,92.991,92.859,91.239,90.204,92.746,94.216,95.578,96.171,97.712,100,102.854,105.578,107.0,108.018,111.992,116.527,120.458
"      Amusements parks, campgrounds, and related recreational services",,,,,,,,,,,,,,,,,,,,,,,,,,,,,,,12.466,12.82,13.091,13.277,13.545,13.772,14.096,14.586,15.081,15.85,16.893,18.302,19.281,20.05,20.853,22.787,24.828,26.807,28.784,30.691,32.277,34.532,36.298,37.841,39.1,40.286,41.794,43.923,45.054,45.72,47.508,49.681,51.742,53.25,54.657,55.888,57.607,59.115,60.734,62.358,65.1,68.045,70.733,72.909,75.881,77.735,79.555,82.338,84.952,87.072,88.168,88.465,88.541,90.465,91.733,93.07,95.202,97.504,100,102.342,104.725,106.39,107.638,111.611,117.872,122.378
      Admissions to specified spectator amusements,,,,,,,,,,,,,,,,,,,,,,,,,,,,,,,8.117,8.587,8.963,9.298,9.617,10.218,10.822,11.423,12.081,13.057,13.93,14.939,15.698,16.158,16.77,17.875,19.255,20.048,20.886,22.155,23.777,25.003,26.04,27.463,29.191,30.951,32.483,33.71,35.283,36.9,39.497,41.893,44.209,44.694,45.163,46.701,48.347,50.743,52.156,53.261,56.444,59.941,62.821,65.118,67.638,70.155,73.185,75.825,79.066,81.734,83.245,84.716,85.205,87.282,88.733,90.717,94.335,97.648,100,101.988,103.941,107.283,107.806,110.64,115.858,123.559
        Motion picture theaters,,,,,,,,,,,,,,,,,,,,,,,,,,,,,,,7.348,7.828,8.229,8.588,8.904,9.626,10.385,11.183,12.021,13.182,14.259,15.655,16.572,17.017,17.69,18.931,20.486,21.326,22.218,23.519,25.245,26.538,27.645,29.151,30.987,32.864,34.492,35.799,37.506,39.188,41.934,44.52,46.893,47.448,47.954,49.612,51.362,53.88,55.377,56.56,60.075,63.893,66.246,68.343,71.896,74.178,76.583,79.268,82.376,84.237,85.549,86.84,87.745,89.429,90.462,92.079,94.14,97.508,100,102.076,103.982,105.418,109.554,115.281,121.788,126.275
"        Live entertainment, excluding sports",,,,,,,,,,,,,,,,,,,,,,,,,,,,,,,7.352,7.828,8.225,8.591,8.91,9.647,10.369,11.19,12.017,13.182,14.268,15.643,16.563,17.026,17.716,18.877,20.497,21.353,22.215,23.538,25.255,26.566,27.663,29.166,31.012,32.872,34.506,35.804,37.446,39.184,41.966,44.465,46.993,47.478,47.969,49.6,51.326,53.879,55.398,56.567,60.034,63.881,66.234,68.394,71.886,74.191,76.58,79.317,82.377,84.283,85.555,86.855,87.711,89.44,90.4,92.07,94.148,97.552,100,102.103,103.972,105.603,109.049,115.579,121.828,126.221
        Spectator sports,,,,,,,,,,,,,,,,,,,,,,,,,,,,,,,10.486,10.796,10.998,11.199,11.506,11.71,11.911,12.015,12.282,12.892,13.4,13.772,14.278,14.755,15.26,16.174,17.227,17.936,18.699,19.91,21.366,22.469,23.4,24.688,26.234,27.813,29.186,30.289,31.694,33.162,35.487,37.638,39.742,40.169,40.59,41.959,43.455,45.618,46.875,47.867,50.579,53.558,57.129,59.625,60.71,63.518,67.496,69.998,73.493,77.437,79.345,81.14,80.962,83.636,85.852,88.37,94.685,97.848,100,101.798,103.88,110.164,105.957,103.838,107.53,120.145
      Museums and libraries,,,,,,,,,,,,,,,,,,,,,,,,,,,,,,,7.355,7.828,8.232,8.585,8.922,9.63,10.381,11.17,12.038,13.185,14.284,15.649,16.562,17.021,17.718,18.872,20.487,21.345,22.211,23.518,25.24,26.555,27.654,29.154,30.991,32.839,34.488,35.777,37.479,39.17,41.904,44.459,46.939,47.451,47.947,49.58,51.301,53.853,55.374,56.55,59.996,63.852,66.229,68.349,71.839,74.154,76.542,79.206,82.342,84.218,85.497,86.838,87.673,89.411,90.388,92.038,94.082,97.51,100,102.059,103.9,105.545,108.786,115.278,121.83,126.183
"    Magazines, newspapers, books, and stationery",7.535,7.385,7.064,6.889,6.571,6.611,6.592,6.655,6.849,7.019,7.078,7.157,7.174,7.553,8.135,8.512,8.675,8.94,9.729,10.636,11.151,11.416,11.93,12.526,12.937,13.02,13.381,13.729,14.58,15.306,13.666,13.866,14.053,14.256,14.781,15.32,15.754,16.296,16.896,17.799,18.598,19.734,20.962,21.492,22.21,25.136,28.478,30.221,32.147,33.755,35.948,39.424,43.11,46.624,49.405,50.853,53.016,54.689,56.135,57.954,60.174,62.565,66.088,69.106,71.137,73.209,76.496,79.747,81.253,83.199,83.422,83.654,84.666,86.156,86.197,86.568,87.482,88.178,89.222,90.94,93.673,93.912,93.618,95.241,97.604,99.249,99.689,99.572,100,101.208,104.802,109.372,112.913,120.167,122.773,124.294
    Gambling,4.269,4.247,4.02,3.83,3.901,4.03,4.106,4.029,4.27,4.559,4.404,4.278,4.747,5.127,5.316,5.732,6.007,7.436,8.724,10.154,10.385,9.965,9.762,10.663,11.223,11.429,11.5,11.789,12.314,12.759,13.111,13.304,13.447,13.606,13.777,13.959,14.177,14.605,15.008,15.649,16.497,17.465,18.207,18.804,19.988,22.176,24.203,25.618,27.272,29.137,31.866,35.33,38.614,40.874,42.555,44.294,45.79,46.632,48.179,49.96,52.087,54.709,56.714,58.201,59.708,60.991,62.48,64.168,65.535,66.508,67.984,70.252,72.228,73.388,75.077,77.065,79.664,82.236,84.594,87.812,87.519,88.968,91.761,93.661,95.04,96.574,96.689,97.912,100,102.442,104.295,105.72,110.586,119.409,124.317,127.998
"    Pets, pet products, and related services",9.563,9.112,7.807,6.763,6.757,7.425,7.886,7.919,8.207,7.792,7.739,7.755,8.279,9.539,10.697,10.915,11.248,12.445,14.379,15.265,14.871,15.069,16.49,16.88,16.804,16.87,16.722,16.981,17.445,18.103,13.78,13.975,14.132,14.352,14.514,14.951,15.45,16.106,16.806,18.051,18.965,20.015,21.056,21.595,22.247,23.555,25.064,26.117,27.215,28.181,30.239,33.397,36.553,38.578,40.015,41.458,42.85,44.033,45.168,46.677,49.204,51.006,53.03,53.097,53.714,54.812,55.581,58.004,59.479,60.271,61.376,62.906,64.934,66.972,68.359,70.912,72.737,75.561,78.658,84.946,90.33,90.839,93.395,95.52,96.793,97.412,98.306,99.637,100,101.239,104.511,105.445,107.945,117.582,127.033,130.154
    Photographic goods and services,30.773,30.609,29.657,28.223,27.51,28.079,28.693,28.932,30.151,30.744,30.333,30.931,30.908,33.728,34.363,38.055,39.708,41.446,44.868,47.511,47.795,47.63,50.78,51.585,52.41,52.326,52.589,54.273,55.211,56.353,54.367,54.952,55.672,56.553,57.432,61.453,60.555,59.55,59.439,59.978,59.755,59.418,59.536,61.021,61.583,63.758,66.601,67.945,68.385,70.796,73.913,80.386,83.94,86.879,88.785,90.683,92.928,96.954,101.043,103.79,107.976,111.791,115.265,117.992,120.323,121.305,123.963,126.141,128.53,128.307,127.295,127.328,126.836,126.676,125.086,121.036,117.352,113.072,107.225,104.565,104.529,102.89,102.37,102.293,100.741,101.759,99.827,100.01,100,98.732,96.515,98.785,100.452,104.334,112.482,113.94
    Package tours\14\,11.252,11.003,11.061,10.997,10.918,11.146,10.976,11.175,11.175,10.644,10.819,10.728,11.102,11.347,11.671,12.137,12.13,12.133,12.112,12.8,12.349,12.22,12.22,12.22,11.951,12.043,11.951,12.047,12.047,12.047,12.464,12.816,13.092,13.276,13.541,13.773,14.098,14.601,15.091,15.846,16.895,18.301,19.283,20.049,20.857,22.782,24.831,26.818,28.788,30.69,32.285,34.505,36.296,37.853,39.097,40.287,41.807,43.927,45.051,45.724,47.52,49.692,51.729,53.249,54.661,55.878,57.61,59.129,60.725,62.359,65.102,68.019,70.714,72.892,75.886,77.732,79.548,82.37,84.945,87.059,88.162,88.454,88.537,90.427,91.728,93.068,95.21,97.496,100,102.346,104.741,106.258,107.829,111.75,117.856,122.408
  Education,1.703,1.701,1.626,1.582,1.439,1.463,1.453,1.465,1.498,1.508,1.513,1.51,1.575,1.653,1.804,1.921,1.991,2.125,2.311,2.482,2.538,2.592,2.73,2.777,2.831,2.886,2.95,3.085,3.207,3.301,3.416,3.488,3.552,3.628,3.708,3.791,3.926,4.104,4.271,4.468,4.739,5.056,5.331,5.611,6.022,6.777,7.362,7.897,8.41,8.867,9.63,10.683,11.939,13.3,14.453,15.695,16.891,18.074,19.356,20.791,22.259,23.822,25.745,27.87,29.856,31.605,33.334,35.109,36.804,38.484,40.38,42.412,44.692,47.596,51.225,55.482,59.466,63.24,66.897,70.813,74.773,78.289,82.018,85.774,89.148,92.112,95.108,97.653,100,102.357,104.919,106.687,108.042,110.36,112.948,115.466
    Educational books,2.496,2.41,2.296,2.205,2.091,2.071,2.071,2.091,2.124,2.157,2.177,2.17,2.197,2.205,2.37,2.437,2.53,2.622,2.834,3.1,3.305,3.352,3.432,3.651,3.811,3.851,3.924,3.976,4.262,4.534,4.608,4.63,4.627,4.532,4.527,4.529,4.751,4.985,5.148,5.413,5.715,5.931,6.328,6.745,6.965,7.207,7.68,8.198,8.718,9.409,10.009,10.848,12.172,13.748,15.146,16.375,17.756,19.21,20.647,22.093,23.519,25.435,26.754,28.226,29.212,30.268,31.428,33.213,34.83,36.467,37.951,40.593,42.92,46.038,48.646,50.904,53.017,56.363,60.959,65.257,69.909,73.334,76.769,81.538,86.218,89.238,94.011,98.382,100,100.95,99.399,98.244,99.66,103.352,101.711,102.294
    Higher education,1.483,1.483,1.425,1.353,1.253,1.281,1.267,1.282,1.31,1.325,1.325,1.31,1.353,1.426,1.541,1.642,1.728,1.843,1.958,2.059,2.087,2.131,2.232,2.246,2.26,2.318,2.376,2.463,2.52,2.549,2.677,2.747,2.815,2.922,3.029,3.143,3.279,3.445,3.62,3.84,4.098,4.385,4.659,4.917,5.187,5.634,6.052,6.469,6.896,7.275,7.857,8.605,9.671,10.974,12.116,13.356,14.572,15.749,16.937,18.225,19.667,21.256,23.413,25.931,28.364,30.351,32.174,34.003,35.731,37.241,38.714,40.316,42.368,45.259,49.052,53.698,57.721,61.588,65.439,69.52,73.706,77.542,81.419,85.377,88.984,92.266,95.465,98.04,100,102.209,105.141,106.582,107.512,109.827,111.942,113.864
"    Nursery, elementary, and secondary schools",1.307,1.275,1.21,1.291,1.098,1.114,1.114,1.114,1.146,1.146,1.146,1.162,1.243,1.307,1.419,1.547,1.626,1.753,1.958,2.179,2.226,2.304,2.476,2.538,2.632,2.694,2.772,2.896,3.019,3.127,3.199,3.282,3.362,3.404,3.443,3.463,3.543,3.68,3.78,3.88,4.121,4.477,4.698,4.938,5.617,6.769,7.539,8.199,8.688,8.975,9.775,10.958,12.205,13.559,14.687,15.943,17.164,18.442,19.935,21.623,23.294,25.094,27.035,28.992,30.922,32.715,34.74,36.451,38.323,40.777,43.23,46.06,48.876,52.039,55.21,58.493,61.991,65.534,68.931,72.663,76.124,79.009,81.761,84.414,87.228,90.178,93.691,96.805,100,103.427,106.898,109.766,112.404,116.056,121.582,127.66
    Commercial and vocational schools\15\,3.714,3.818,3.64,3.395,3.146,3.189,3.169,3.199,3.259,3.263,3.305,3.301,3.461,3.67,4.113,4.348,4.287,4.623,5.163,5.538,5.642,5.691,6.026,6.045,6.114,6.152,6.205,6.734,7.1,7.429,7.607,7.684,7.683,7.788,7.89,8.065,8.27,8.588,8.891,9.166,9.546,9.923,10.198,10.583,11.125,13.094,14.255,15.13,16.207,17.436,19.308,22.112,24.36,25.393,25.984,26.774,27.293,27.84,28.924,30.549,31.772,32.558,33.627,34.459,35.012,36.023,37.234,38.88,40.264,41.723,44.789,47.315,49.882,52.468,56.33,60.812,65.851,69.589,72.374,75.685,78.997,81.808,85.89,89.565,92.186,93.893,95.317,96.915,100,102.136,103.272,105.592,107.236,108.298,110.487,112.268
  Food services and accommodations,5.237,4.915,4.24,3.58,3.462,3.726,4.006,4.013,4.155,3.961,3.88,3.926,4.28,5.002,5.613,5.853,6.049,6.728,7.51,7.852,7.641,7.776,8.36,8.547,8.473,8.568,8.549,8.646,8.931,9.158,9.485,9.741,9.937,10.184,10.404,10.566,10.774,11.19,11.811,12.427,13.171,14.144,14.899,15.45,16.506,18.415,20.074,21.403,22.952,24.959,27.653,30.332,33.041,34.931,36.439,38.082,39.72,41.348,43.018,44.868,46.9,49.047,51.005,52.088,53.11,54.042,55.317,56.808,58.493,60.061,61.614,63.338,65.146,66.721,68.136,70.402,72.665,75.121,78.038,81.077,82.889,84.034,86.177,88.631,90.495,92.891,95.467,97.949,100,102.315,105.18,107.265,113.139,121.915,129.532,133.914
    Food services,5.283,4.941,4.231,3.55,3.454,3.754,4.056,4.058,4.199,3.985,3.897,3.948,4.322,5.076,5.711,5.962,6.165,6.878,7.696,8.042,7.801,7.933,8.532,8.715,8.619,8.708,8.675,8.766,9.052,9.281,9.619,9.884,10.088,10.349,10.585,10.753,10.966,11.406,12.047,12.676,13.429,14.421,15.201,15.779,16.894,18.917,20.647,21.995,23.572,25.559,28.257,30.905,33.604,35.368,36.87,38.42,39.958,41.591,43.159,44.934,46.962,49.118,51.014,52.048,52.995,53.853,55.036,56.389,57.954,59.384,60.859,62.397,64.319,66.08,67.539,69.58,71.743,74.044,76.771,80.132,82.917,84.038,86.121,88.655,90.608,92.756,95.277,97.753,100,102.579,105.441,109.045,114.72,123.389,131.529,136.621
      Purchased meals and beverages\16\,5.228,4.882,4.189,3.515,3.421,3.713,4.01,4.007,4.147,3.941,3.854,3.905,4.222,4.886,5.482,5.717,5.889,6.783,7.606,7.919,7.675,7.763,8.266,8.452,8.419,8.585,8.634,8.777,9.075,9.29,9.633,9.9,10.103,10.364,10.601,10.767,10.979,11.415,12.061,12.691,13.444,14.435,15.219,15.796,16.906,18.924,20.653,21.999,23.573,25.558,28.25,30.892,33.59,35.354,36.856,38.408,39.948,41.587,43.154,44.932,46.96,49.116,51.021,52.058,53.008,53.867,55.051,56.407,57.973,59.412,60.892,62.452,64.41,66.176,67.609,69.657,71.831,74.13,76.867,80.241,83.013,84.103,86.164,88.698,90.618,92.781,95.316,97.718,100,102.548,105.444,109.091,114.788,123.432,131.594,136.695
      Food furnished to employees (including military),5.293,5.037,4.205,3.524,3.414,3.77,4.103,4.162,4.304,4.013,3.925,3.97,5.019,6.589,7.521,7.885,8.258,7.836,8.594,9.341,9.143,9.836,11.572,11.726,10.941,10.165,9.164,8.595,8.734,9.139,9.404,9.654,9.863,10.124,10.362,10.536,10.773,11.276,11.848,12.461,13.228,14.211,14.941,15.541,16.766,18.908,20.668,22.066,23.709,25.753,28.588,31.38,34.137,35.907,37.41,38.933,40.406,41.92,43.517,45.219,47.243,49.392,50.984,51.923,52.789,53.599,54.744,56.033,57.548,58.691,59.967,60.687,61.308,62.878,65.312,67.117,68.904,71.281,73.666,76.614,79.8,81.921,84.705,87.271,90.277,91.932,94.015,98.819,100,103.52,105.318,107.661,112.612,122.165,129.577,134.382
    Accommodations\17\,5.519,5.411,5.121,4.676,4.199,3.957,3.954,4.031,4.223,4.336,4.375,4.321,4.387,4.63,4.824,4.896,4.957,5.07,5.337,5.654,5.899,6.093,6.494,6.777,7.083,7.304,7.499,7.731,8.024,8.241,8.436,8.583,8.693,8.766,8.792,8.892,9.052,9.21,9.626,10.123,10.789,11.602,12.105,12.394,12.917,13.808,14.823,15.958,17.249,19.384,21.997,24.905,27.647,30.591,32.14,34.547,36.966,38.517,40.964,43.367,45.388,47.415,49.842,51.291,52.888,54.393,56.365,58.884,61.412,63.94,66.024,69.055,69.979,70.099,71.157,74.998,77.901,81.341,85.427,86.519,82.746,84.022,86.488,88.522,89.929,93.592,96.446,98.958,100,100.975,103.857,96.641,104.028,113.518,118.215,118.732
  Financial services and insurance,5.005,4.89,4.446,3.957,3.775,3.909,4.077,4.261,4.448,4.342,4.31,4.432,4.549,4.859,5.08,5.291,5.491,6.066,6.317,6.649,6.763,6.883,6.961,7.388,8.204,8.497,8.723,8.973,9.281,9.448,9.978,10.418,10.743,11.18,11.269,11.701,11.987,12.692,12.966,13.991,15.177,15.934,16.886,17.905,18.282,19.728,21.117,21.953,23.706,26.683,28.178,30.481,32.897,35.013,38.124,40.532,43.687,44.405,42.369,44.513,46.203,47.203,47.271,49.034,51.671,52.716,54.076,56.105,58.49,58.689,58.146,58.842,59.205,60.621,64.482,67.216,69.746,72.713,75.249,74.883,70.087,74.817,77.009,79.884,83.96,88.327,90.985,95.188,100,105.358,107.974,109.31,115.749,121.749,126.969,135.625
    Financial services,5.826,5.675,5.12,4.561,4.313,4.286,4.704,4.96,5.172,5.052,4.994,5.23,5.361,5.627,5.917,6.292,6.436,7.339,7.938,8.33,8.692,9.049,9.384,9.664,11.117,11.54,12.43,13.516,13.836,13.6,14.536,15.394,15.758,16.724,16.895,17.698,17.75,19.069,19.313,20.721,23.384,24.348,24.914,26.061,26.517,30.364,33.305,33.187,34.284,39.547,42.872,47.641,50.957,52.293,55.932,57.173,62.934,64.586,60.219,61.165,59.863,57.783,56.084,56.741,58.633,58.399,58.33,58.72,60.665,59.572,57.271,57.124,57.002,57.816,61.548,63.995,66.547,70.076,73.101,71.829,63.622,69.325,71.386,74.681,79.93,85.72,89.102,94.215,100,106.484,109.512,110.465,120.967,129.048,133.996,144.099
      Financial services furnished without payment,5.249,4.869,4.026,3.23,2.943,2.9,3.342,3.624,3.826,3.583,3.524,3.758,3.895,4.162,4.507,4.953,5.171,6.214,6.721,7.012,7.361,7.97,8.396,8.71,10.682,11.132,12.409,13.706,13.899,13.289,14.468,15.204,15.464,15.805,14.811,16.082,16.756,18.109,18.962,19.238,22.809,24.242,23.669,24.486,25.611,30.649,33.168,32.342,33.504,38.704,42.221,45.883,47.81,47.361,51.472,53.031,59.69,60.33,55.473,56.232,53.22,49.597,46.537,46.629,48.841,50.315,49.178,49.461,51.389,51.303,49.761,52.506,54.054,55.282,61.238,63.298,66.603,71.901,74.856,72.765,60.594,67.642,68.111,70.907,74.513,79.716,84.349,92.987,100,106.561,110.716,109.793,119.474,140.073,149.379,157.454
"      Financial service charges, fees, and commissions",6.648,6.839,6.939,7.178,7.08,7.096,7.325,7.457,7.65,7.937,7.903,8.03,8.063,8.157,8.109,8.163,8.095,8.543,9.245,9.798,10.12,9.893,10.015,10.193,10.376,10.695,10.867,11.493,11.97,12.322,12.814,13.73,14.19,15.865,17.762,17.728,16.89,18.006,17.509,20.088,21.15,21.172,23.964,25.641,24.474,24.612,28.287,30.321,31.044,35.633,37.84,44.809,51.04,56.512,58.354,58.568,61.192,64.932,62.147,63.355,65.773,67.04,68.187,69.866,70.946,67.507,69.488,70.041,71.853,69.227,65.976,62.421,60.494,60.883,62.414,65.272,67.08,68.918,72.03,71.487,66.816,71.307,74.877,78.648,85.412,91.778,93.929,95.457,100,106.406,108.285,111.091,122.38,118.947,119.896,132.025
    Insurance,3.549,3.479,3.187,2.834,2.721,2.898,2.929,3.043,3.179,3.101,3.086,3.141,3.226,3.479,3.625,3.727,3.906,4.217,4.277,4.511,4.516,4.529,4.508,4.871,5.297,5.478,5.442,5.383,5.608,5.847,6.122,6.323,6.557,6.72,6.762,6.974,7.263,7.602,7.824,8.484,8.883,9.397,10.287,11.046,11.315,11.552,12.046,13.138,14.871,16.318,16.761,17.613,19.192,21.237,23.673,26.52,27.783,27.832,27.558,30.454,34.121,37.2,38.491,40.988,44.137,46.308,49.087,52.967,55.912,57.886,60.047,62.202,63.4,65.845,69.955,73.198,75.707,77.725,79.405,80.723,83.024,85.634,88.084,90.041,91.563,93.082,94.384,96.902,100,103.531,105.494,107.461,107.3,110.04,115.69,121.956
      Life insurance\18\,3.372,3.271,3.035,2.664,2.495,2.63,2.664,2.765,2.9,2.799,2.765,2.832,2.934,3.17,3.372,3.574,3.676,3.945,4.114,4.418,4.62,4.856,5.193,5.362,5.631,5.766,5.901,6.171,6.407,6.643,6.961,7.256,7.471,7.724,7.904,8.202,8.411,8.712,9.016,9.537,10.011,10.612,11.079,11.658,12.296,13.195,14.148,15.259,16.662,18.068,19.395,20.999,22.355,23.708,25.502,27.105,29.634,32.2,34.53,36.603,38.22,40.442,42.029,44.424,46.067,47.429,49.2,52.292,55.109,58.171,61.037,65.488,65.725,70.697,73.306,76.845,79.599,81.992,84.349,84.018,85.328,87.126,88.233,89.443,92.637,94.416,96.123,98.643,100,101.914,104.119,106.248,108.228,113.07,120.577,127.664
      Net household insurance\19\,1.592,1.527,1.446,1.427,1.46,1.513,1.555,1.533,1.595,1.552,1.538,1.569,1.672,1.775,1.91,2.038,2.09,2.177,2.425,2.584,2.661,2.725,2.902,3.08,3.17,3.289,3.353,3.43,3.507,3.611,3.775,3.744,3.794,3.866,4.112,4.527,5.226,5.864,6.534,6.99,7.387,7.803,8.637,8.983,8.965,8.09,8.221,9.714,10.883,11.123,11.878,13.309,14.622,16.26,17.78,18.57,19.691,21.7,22.917,24.404,25.706,26.279,27.173,28.124,30.266,32.595,36.467,39.519,43.754,44.388,47.124,50.56,55.458,59.094,65.708,70.784,74.599,76.599,78.112,79.39,81.358,83.825,86.197,88.854,91.6,94.367,97.365,99.514,100,101.831,104.365,106.152,107.346,108.927,114.615,127.792
      Net health insurance,3.93,3.974,3.139,2.694,2.98,3.618,3.757,4.124,4.406,4.47,4.504,4.501,4.481,4.95,5.18,5.044,5.612,6.018,5.727,5.559,4.709,4.379,3.608,4.04,4.672,5.097,4.831,4.361,4.588,4.643,4.851,4.969,5.356,5.527,5.348,5.462,5.747,6.059,6.123,7.338,7.536,7.727,8.952,10.261,10.299,10.139,10.178,10.597,13.17,15.224,14.173,14.121,16.406,20.07,23.718,28.445,28.223,24.477,20.973,24.724,30.787,35.595,36.161,37.987,41.77,44.266,48.149,53.145,57.403,58.473,59.614,61.49,63.257,64.116,68.488,71.918,74.817,77.504,79.63,82.194,85.129,88.465,91.281,93.141,93.529,94.66,95.239,97.104,100,103.922,105.45,107.479,107.756,109.38,112.065,115.841
        Medical care and hospitalization\20\,,,,,,,,,,,,,,,,,,,,,,,,,,,,,,,2.759,3.047,3.441,3.633,3.605,3.699,3.905,4.031,3.846,5.579,5.134,5.481,6.395,8.135,7.901,7.35,5.951,6.278,9.243,10.55,11.107,11.012,12.53,15.901,19.347,24.779,25.459,19.771,15.927,20.484,27.802,33.274,34.589,36.925,40.735,43.542,46.515,48.833,51.096,52.223,53.684,55.278,57.254,58.806,63.342,66.693,69.659,72.474,74.663,77.78,81.649,85.822,89.305,91.569,92.022,93.333,93.975,96.107,100,105.529,107.531,110.554,111.863,114.314,117.595,122.985
        Income loss\21\,,,,,,,,,,,,,,,,,,,,,,,,,,,,,,,56.347,54.26,57.377,56.818,52.05,52.223,54.593,61.448,67.91,65.375,76.07,66.529,81.339,90.556,99.533,99.053,130.861,131.407,147.64,201.688,119.702,98.262,120.147,184.097,200.164,195.529,177.005,233.474,210.042,244.586,228.578,253.798,188.969,185.754,104.455,132.95,100.789,74.444,65.609,66.511,67.975,70.268,72.233,73.382,75.065,77.066,79.664,82.236,84.589,87.812,87.526,88.963,91.761,93.662,95.033,96.568,96.689,97.91,100,102.44,104.302,105.591,110.657,119.506,124.297,127.991
        Workers' compensation\22\,,,,,,,,,,,,,,,,,,,,,,,,,,,,,,,11.373,11.04,11.156,11.56,11.316,11.676,12.288,12.575,12.754,13.526,15.09,16.987,18.374,17.006,16.673,18.555,20.822,22.04,22.279,22.447,23.705,26.451,31.29,31.662,35.953,38.03,34.531,35.682,34.456,33.71,36.075,37.607,37.892,37.929,46.363,46.092,57.156,80.273,98.807,99.442,97.922,101.75,101.609,96.913,99.578,103.245,105.145,106.601,108.153,107.103,104.84,103.265,101.875,101.342,101.255,101.35,101.641,102.178,100,96.063,95.372,93.045,87.226,83.702,83.572,80.591
      Net motor vehicle and other transportation insurance\23\,3.331,3.388,3.436,3.459,3.444,3.482,3.353,3.303,3.258,3.226,3.299,3.319,3.406,3.5,3.206,3.148,3.143,3.576,3.638,4.216,4.827,4.683,4.821,5.492,6.014,6.01,5.936,5.779,6.012,6.513,6.824,7.009,7.12,7.142,7.204,7.373,7.76,8.177,8.429,8.626,9.181,10.02,11.098,11.402,11.489,11.48,12.019,14.045,14.987,15.679,17.096,18.137,18.856,19.369,21.003,23.087,24.772,27.15,28.735,31.213,33.743,35.251,37.41,41.584,46.385,49.338,51.485,54.526,55.047,57.337,60.507,59.999,60.859,63.625,68.512,70.727,71.925,72.015,71.95,72.904,75.212,77.326,80.576,83.564,85.363,87.311,89.708,94.015,100,104.639,107.53,109.159,105.241,108.797,120.494,131.84
  Other goods and services,5.73,5.537,5.345,5.054,4.742,4.826,4.827,4.882,5.059,5.04,5.079,5.168,5.427,5.872,6.261,6.757,7.071,7.297,7.984,8.267,8.327,8.395,8.897,9.119,9.398,9.473,9.604,9.888,10.193,10.424,10.298,10.521,10.59,10.691,10.904,11.171,11.426,11.722,12.118,12.643,13.352,14.079,14.663,15.317,16.003,17.411,18.866,19.868,20.953,22.225,24.02,27.148,29.529,31.571,34.196,35.806,37.073,38.583,40.629,42.865,45.399,48.109,50.663,52.694,54.044,54.832,56.147,57.201,58.369,59.99,62.987,65.011,66.918,68.559,69.655,71.183,73.104,75.336,78.166,81.15,85.003,87.449,89.607,91.199,92.727,94.055,95.376,97.639,100,102.013,104.028,106.543,110.252,116.757,124.272,129.383
    Personal care\24\,9.734,9.607,9.275,8.723,8.451,8.212,8.172,8.223,8.672,8.812,8.795,8.782,9.157,10.105,11.002,11.909,12.296,12.998,14.686,15.246,15.006,14.873,16.2,16.252,16.507,16.63,16.995,17.62,18.286,18.919,16.901,17.224,17.248,17.448,17.716,17.998,18.261,18.627,19.262,20.08,21.111,21.897,22.594,23.125,24.014,26.491,29.289,31.029,32.879,34.897,37.598,40.987,44.684,47.912,50.298,52.201,54.019,55.782,57.212,59.28,61.769,64.06,66.239,67.883,69.343,70.646,71.739,72.629,73.813,74.979,76.513,78.324,80.247,81.058,81.617,82.811,84.477,86.328,88.504,90.813,92.989,93.448,93.99,95.449,96.54,97.796,98.797,99.671,100,100.91,102.72,104.71,106.299,112.888,120.937,125.48
    Personal items\25\,22.38,21.962,20.799,18.312,18.73,19.827,19.28,19.878,20.064,19.082,19.232,20.001,22.426,27.124,28.568,32.787,34.3,34.036,36.013,35.982,35.334,34.53,36.902,36.474,36.665,35.685,34.894,35.191,34.929,34.663,34.705,34.689,34.475,34.325,34.585,35.775,35.228,34.868,35.641,36.337,38.297,39.079,39.825,41.068,42.5,46.142,49.621,51.833,53.853,56.712,61.84,77.326,80.472,78.593,79.868,80.403,79.6,80.337,86.282,92.606,96.842,103.424,106.824,108.485,107.849,109.012,109.73,106.708,102.479,98.017,93.697,90.512,90.276,87.732,84.958,84.33,83.037,84.644,87.978,92.752,94.078,95.208,100.4,101.019,100.733,98.255,95.8,98.909,100,97.695,96.703,95.861,101.563,106.15,111.304,111.067
    Social services and religious activities\26\,5.203,4.991,4.598,4.305,4.212,4.431,4.502,4.623,4.868,4.776,4.776,4.783,4.94,5.322,5.63,5.837,6.018,6.593,7.609,8.149,8.196,8.493,9.139,9.194,9.379,9.578,9.784,10.157,10.52,10.734,11.018,11.182,11.28,11.394,11.585,11.728,11.992,12.298,12.61,13.135,13.944,14.467,15.21,15.925,16.817,19.182,20.901,22.115,23.543,25.119,27.578,31.149,34.087,35.6,36.526,37.738,38.589,39.654,41.094,43.413,45.491,47.445,49.486,51.129,52.59,54.065,55.797,57.428,58.984,60.842,62.689,65.532,67.418,69.507,71.168,72.924,75.495,78.242,80.78,82.946,84.062,85.455,87.398,89.062,90.817,92.681,94.826,97.251,100,102.644,105.49,109.424,114.163,120.298,126.485,132.645
    Professional and other services,2.34,2.265,2.083,1.899,1.784,1.805,1.857,1.913,1.995,1.974,1.988,2.012,2.134,2.26,2.392,2.64,2.834,2.9,3.208,3.381,3.496,3.597,3.827,4.041,4.217,4.371,4.549,4.781,5.018,5.199,5.333,5.468,5.576,5.674,5.794,6.002,6.222,6.382,6.643,6.906,7.36,7.939,8.46,9.051,9.718,10.596,11.367,12.066,12.84,13.724,14.936,16.949,19.097,21.332,23.863,25.806,27.313,28.974,30.984,32.281,34.001,36.196,38.18,39.985,41.575,43.141,44.771,46.558,48.508,50.766,53.138,55.695,58.399,61.057,63.783,66.648,69.25,72.079,75.017,78.07,80.196,82.759,85.188,87.206,89.533,91.648,93.765,96.71,100,103.926,105.171,107.032,108.94,115.688,124.75,130.708
      Legal services,,,,,,,,,,,,,,,,,,,,,,,,,,,,,,,4.222,4.347,4.436,4.5,4.592,4.834,5.112,5.265,5.538,5.752,6.243,6.915,7.499,8.231,8.996,9.732,10.405,11.109,11.882,12.707,13.789,15.625,17.718,20.081,22.862,24.979,26.617,28.38,30.635,31.824,33.661,36.077,38.05,39.972,41.558,42.836,44.197,45.746,47.606,49.977,52.551,55.427,58.222,60.938,63.999,67.061,69.769,72.194,75.125,78.15,80.285,83.179,85.861,87.595,90.037,91.951,93.408,96.552,100,104.285,105.303,106.449,108.093,115.288,124.828,130.237
      Accounting and other business services\27\,,,,,,,,,,,,,,,,,,,,,,,,,,,,,,,4.996,5.125,5.167,5.235,5.302,5.371,5.477,5.627,5.827,6.095,6.404,6.776,7.06,7.255,7.713,8.553,9.299,9.888,10.577,11.322,12.306,13.879,15.596,17.386,19.382,20.93,22.205,23.511,24.835,26.387,27.927,29.913,32.314,34.156,36.1,39.019,41.119,43.223,45.239,47.56,49.738,52.21,54.505,57.156,59.421,61.792,64.285,67.89,70.5,73.791,75.484,77.566,79.67,83.118,85.123,88.388,92.524,95.912,100,104.617,105.462,108.638,110.995,119.265,130.072,137.628
      Labor organization dues,,,,,,,,,,,,,,,,,,,,,,,,,,,,,,,11.301,11.362,11.416,11.53,11.696,11.924,12.205,12.435,12.77,13.282,13.96,14.748,15.541,16.279,17.129,19.671,21.535,22.843,24.367,26.058,28.839,32.996,36.179,37.636,38.768,39.786,40.582,41.933,43.29,45.382,47.129,48.374,49.73,50.97,51.874,52.839,54.245,56.505,58.219,60.148,62.298,64.288,68.389,70.139,71.46,74.094,76.683,79.378,81.708,82.642,83.761,86.084,88.334,89.668,91.766,93.235,95.26,97.544,100,102.857,105.905,109.725,112.879,117.209,122.048,128.609
      Professional association dues,,,,,,,,,,,,,,,,,,,,,,,,,,,,,,,4.223,4.348,4.434,4.501,4.59,4.846,5.112,5.267,5.544,5.754,6.244,6.916,7.504,8.229,8.993,9.741,10.425,11.101,11.89,12.717,13.774,15.62,17.713,20.082,22.861,24.971,26.614,28.367,30.642,31.816,33.662,36.085,38.043,39.975,41.558,42.84,44.199,45.739,47.608,49.981,52.565,55.434,58.227,60.942,64.014,67.047,69.792,72.191,75.142,78.131,80.302,83.203,85.846,87.605,89.99,91.958,93.389,96.617,100,104.248,105.31,106.445,108.076,115.228,124.963,130.261
      Funeral and burial services,,,,,,,,,,,,,,,,,,,,,,,,,,,,,,,6.666,6.858,7.05,7.239,7.431,7.591,7.685,7.845,8.07,8.389,8.741,9.088,9.441,9.76,10.173,10.876,11.548,12.055,12.583,13.41,14.536,16.499,18.676,21.2,24.071,26.294,28.003,29.843,31.885,33.099,34.54,36.661,38.923,40.688,42.563,44.651,47.289,49.627,52.216,54.22,56.1,57.708,59.777,62.696,65.204,67.977,70.279,73.894,77.578,81.471,84.684,86.621,88.529,90.235,92.659,94.337,96.353,98.124,100,101.893,103.795,105.478,107.126,110.586,116.511,121.438
    Tobacco,1.944,1.833,1.866,1.866,1.655,1.711,1.694,1.683,1.727,1.739,1.766,1.816,1.861,1.916,2.038,2.105,2.2,2.272,2.444,2.538,2.594,2.644,2.727,2.849,2.988,3.011,3.038,3.099,3.199,3.261,3.389,3.502,3.531,3.559,3.667,3.753,3.913,4.124,4.278,4.548,4.791,5.191,5.411,5.707,5.865,6.15,6.589,6.868,7.199,7.596,8.037,8.649,9.327,10.353,12.356,13.147,13.901,14.832,15.857,17.269,19.45,21.424,23.89,25.909,26.838,25.759,26.395,27.198,28.403,30.874,38.44,41.154,42.659,45.105,45.866,46.75,49.173,50.842,54.194,57.567,71.152,78.931,81.636,83.46,85.74,88.347,91.043,94.22,100,103.995,109.118,114.579,122.811,131.727,140.326,150.692
    Foreign travel by U.S. residents,10.986,10.165,8.478,7.002,7.177,7.524,7.866,8.174,8.408,8.582,9.207,9.203,9.034,8.956,9.09,9.628,11.977,12.559,12.265,13.109,13.456,13.33,13.031,12.852,13.762,14.267,14.152,14.522,14.568,14.678,15.201,14.897,15.012,15.427,15.808,16.127,16.775,17.392,17.267,18.026,18.429,18.702,20.461,21.729,23.773,28.775,31.646,32.272,34.223,35.673,39.721,44.705,47.391,45.468,43.904,42.252,40.979,45.097,44.194,46.921,47.396,50.173,53.456,56.022,56.327,58.02,59.66,61.227,61.857,60.686,62.179,61.788,63.302,66.147,72.253,76.679,80.481,84.265,90.299,98.721,92.301,97.509,101.665,103.816,105.307,106.923,101.981,99.26,100,101.044,101.21,100.279,98.6,102.204,103.941,101.885
    Less: Expenditures in the United States by nonresidents,5.546,5.541,5.097,4.712,4.422,4.843,5.226,5.484,5.572,5.145,4.958,5.229,5.244,5.71,5.246,5.372,5.764,6.913,7.97,8.542,8.528,8.64,9.297,9.538,9.664,9.71,9.738,9.893,10.241,10.547,11.274,11.411,11.552,11.672,11.802,11.987,12.164,12.521,12.885,13.417,14.13,14.986,15.559,16.09,17.001,18.475,19.9,21.376,22.842,24.828,27.221,30.55,33.67,36.385,38.223,40.378,42.316,43.723,45.866,47.677,49.285,52.026,55.349,56.768,57.569,58.122,59.028,60.579,62.066,62.876,64.552,67.631,68.224,68.222,70.246,73.272,76.828,80.394,83.516,87.546,85.222,88.066,92.611,95.226,96.337,98.43,97.563,98.087,100,102.173,104.653,103.418,106.104,114.538,117.957,119.631
Final consumption expenditures of nonprofit institutions serving households (NPISHs)\28\,22.026,21.185,19.369,17.999,17.322,18.277,18.413,18.912,19.901,19.375,19.407,19.382,20.319,22.048,23.652,24.731,25.586,28.224,32.831,35.367,35.67,37.091,40.198,40.284,41.009,42.045,43.129,45.128,47.166,48.393,49.275,45.964,46.441,47.099,47.853,48.039,49.383,51.198,52.85,54.857,58.336,60.88,64.283,66.939,71.254,81.568,89.06,93.679,100.094,106.662,117.097,127.988,134.336,127.332,117.771,112.653,110.171,106.552,104.501,103.293,96.543,88.435,81.779,74.313,70.344,70.205,70.136,71.352,74.377,79.424,82.277,86.813,90.87,91.264,88.047,87.058,88.949,90.109,91.129,91.761,89.09,87.861,88.839,89.174,89.978,91.682,94.805,97.582,100,101.337,104.037,104.815,113.155,125.851,136.909,144.806
  Gross output of nonprofit institutions\29\,,,,,,,,,,,,,,,,,,,,,,,,,,,,,,,8.485,8.699,8.863,9.031,9.249,9.473,9.749,10.088,10.551,11.108,11.836,12.614,13.221,13.848,14.735,16.502,18.161,19.573,21.036,22.636,24.906,27.88,30.924,33.34,35.143,36.844,38.327,39.668,41.408,43.849,46.265,48.459,50.71,52.552,54.173,55.735,57.309,58.88,60.385,62.192,63.892,66.396,68.953,70.924,72.837,75.126,77.742,80.425,82.858,84.987,86.147,87.607,89.363,91.049,92.69,94.267,96.041,97.933,100,102.15,104.529,107.024,111.514,117.35,122.768,127.651
  Less: Receipts from sales of goods and services by nonprofit institutions\30\,,,,,,,,,,,,,,,,,,,,,,,,,,,,,,,4.813,5.184,5.304,5.417,5.568,5.756,5.927,6.127,6.446,6.826,7.279,7.82,8.174,8.58,9.128,10.143,11.193,12.162,13.096,14.136,15.564,17.553,19.805,22.197,24.319,26.2,27.765,29.322,31.179,33.691,36.833,40.106,43.484,46.76,49.362,51.218,53.1,54.713,55.857,56.948,58.356,60.342,62.492,64.838,68.119,71.303,74.095,77.186,80.028,82.626,85.099,87.495,89.529,91.726,93.693,95.221,96.492,98.06,100,102.446,104.71,107.856,110.925,114.416,117.931,121.829
